Brand,Processor,RAM (GB),Storage (GB),Camera (MP),Battery (mAh),Display Size (inches),Refresh Rate (Hz),5G Support,Operating System,Launch Year,Price ($)
OnePlus,Dimensity 9200,8,64,108,5000,6.7,144,1,Android,2021,1095.2
Samsung,Dimensity 9200,6,128,108,3000,6.1,90,1,Android,2024,1087.5
Vivo,Snapdragon 8 Gen 2,4,256,64,5000,6.1,144,1,Android,2019,1177.2
Oppo,A17 Bionic,4,64,200,4500,7.0,90,0,Android,2023,1269.5
Xiaomi,Dimensity 9200,8,128,200,4000,6.4,60,1,Android,2024,1293.5
Vivo,Dimensity 9200,16,128,12,3000,6.4,60,0,Android,2019,788.0
Xiaomi,Exynos 2200,6,256,64,4500,6.1,60,1,Android,2019,1038.0
Oppo,A17 Bionic,12,128,108,6000,7.0,60,0,Android,2024,1506.0
Apple,Exynos 2200,12,1024,64,4500,6.1,90,0,iOS,2018,1762.8
Samsung,A17 Bionic,16,1024,48,5000,6.4,90,0,Android,2020,1177.6
Oppo,Dimensity 9200,6,64,12,4000,6.1,120,0,Android,2022,920.0
Realme,Kirin 9000,12,256,200,4000,5.5,144,0,Android,2024,1385.5
Apple,Snapdragon 8 Gen 2,12,1024,108,4000,7.0,120,0,iOS,2024,2400.75
Motorola,Snapdragon 778G,8,1024,64,4500,6.7,144,1,Android,2020,1277.6
Xiaomi,A17 Bionic,12,128,200,5000,6.1,60,1,Android,2020,1169.2
Motorola,Snapdragon 8 Gen 2,6,64,12,4500,5.5,144,0,Android,2019,922.8
Oppo,Dimensity 9200,12,512,48,4500,6.1,144,0,Android,2021,1028.0
Xiaomi,Dimensity 9200,6,64,200,5000,6.1,120,1,Android,2019,1069.6
Oppo,Kirin 9000,4,128,48,4500,6.4,90,0,Android,2021,801.2
Apple,Snapdragon 778G,4,64,64,6000,5.5,60,0,iOS,2019,1489.8
Google,Exynos 2200,8,512,108,3000,6.4,144,1,Android,2022,1245.0
Xiaomi,Dimensity 9200,12,128,12,3000,6.7,90,1,Android,2024,877.5
Motorola,Snapdragon 8 Gen 2,4,64,48,6000,6.1,144,0,Android,2022,1390.5
Vivo,Dimensity 9200,6,64,64,4000,5.5,90,0,Android,2023,1205.0
Sony,Dimensity 9200,16,1024,108,4000,6.4,144,0,Android,2023,1577.0
Realme,Kirin 9000,16,128,48,6000,7.0,144,1,Android,2022,1449.5
Motorola,Snapdragon 8 Gen 2,12,64,48,4500,6.7,90,0,Android,2022,1171.5
Google,Dimensity 9200,6,512,200,5000,6.1,144,0,Android,2020,1146.4
Motorola,Dimensity 9200,12,1024,64,4500,6.7,144,1,Android,2021,1364.8
Oppo,A17 Bionic,16,64,200,4000,6.7,90,0,Android,2021,978.0
OnePlus,A17 Bionic,16,256,48,6000,6.4,90,1,Android,2024,1656.5
Sony,A17 Bionic,16,128,108,4000,6.7,120,0,Android,2023,1341.5
Vivo,Snapdragon 8 Gen 2,12,128,48,4000,6.4,60,0,Android,2020,888.0
Xiaomi,Snapdragon 778G,4,64,200,5000,6.4,120,1,Android,2018,1244.4
Oppo,Exynos 2200,8,1024,48,4500,5.5,120,1,Android,2018,1301.6
OnePlus,Exynos 2200,8,512,64,4000,6.1,90,0,Android,2019,940.4
Samsung,A17 Bionic,8,128,200,6000,7.0,60,1,Android,2021,1248.0
Vivo,A17 Bionic,16,128,108,4000,7.0,60,1,Android,2019,973.2
Google,Snapdragon 8 Gen 2,8,256,48,5000,7.0,90,1,Android,2020,1034.8
Apple,Exynos 2200,12,128,64,4000,6.7,144,0,iOS,2021,1576.2
Xiaomi,Dimensity 9200,4,256,12,4000,6.1,90,1,Android,2022,1239.0
Xiaomi,A17 Bionic,4,256,108,6000,6.7,120,1,Android,2022,1681.5
Google,Exynos 2200,8,64,48,4000,6.4,90,1,Android,2018,852.4
Motorola,Snapdragon 778G,16,1024,48,4000,6.1,144,1,Android,2023,1642.5
Oppo,Dimensity 9200,12,512,48,6000,6.4,120,0,Android,2020,1141.6
Google,Dimensity 9200,16,1024,200,6000,6.4,60,1,Android,2019,1546.0
Realme,Snapdragon 8 Gen 2,12,1024,48,6000,6.1,144,1,Android,2023,1693.0
OnePlus,Exynos 2200,16,512,12,6000,7.0,90,1,Android,2020,1308.0
Google,Kirin 9000,16,1024,12,3000,6.4,60,1,Android,2019,1093.6
Google,A17 Bionic,8,256,108,6000,6.4,120,1,Android,2021,1278.0
Apple,Snapdragon 778G,16,128,64,5000,6.7,60,0,iOS,2018,1608.6
OnePlus,A17 Bionic,16,128,200,6000,5.5,60,0,Android,2020,1303.6
Oppo,Snapdragon 8 Gen 2,12,256,64,5000,6.7,60,0,Android,2020,973.2
Motorola,Kirin 9000,6,512,200,3000,6.4,60,0,Android,2020,972.8
Samsung,Dimensity 9200,6,64,48,5000,6.1,60,0,Android,2022,1307.0
Apple,Exynos 2200,16,1024,64,4000,6.1,120,1,iOS,2021,1725.6
Realme,A17 Bionic,16,1024,200,4000,7.0,60,0,Android,2020,1160.8
Motorola,Snapdragon 778G,16,128,108,4500,6.1,144,0,Android,2020,1186.8
Google,Snapdragon 778G,6,512,48,6000,6.1,144,0,Android,2023,1631.5
Google,Snapdragon 8 Gen 2,16,1024,48,4000,7.0,60,0,Android,2019,1184.8
Google,Dimensity 9200,8,1024,64,5000,7.0,90,1,Android,2023,1419.0
Vivo,Exynos 2200,4,64,64,3000,5.5,60,0,Android,2018,722.8
Samsung,Dimensity 9200,6,128,200,6000,5.5,144,0,Android,2024,1514.5
Google,A17 Bionic,12,256,64,6000,6.1,90,0,Android,2020,1136.8
Vivo,Dimensity 9200,6,64,48,3000,6.1,120,0,Android,2020,755.2
Vivo,Kirin 9000,16,128,12,3000,7.0,144,0,Android,2018,891.2
Realme,Snapdragon 8 Gen 2,4,128,200,4000,6.4,90,0,Android,2023,1276.0
Vivo,Dimensity 9200,6,128,200,4500,7.0,90,0,Android,2023,1393.0
OnePlus,Snapdragon 8 Gen 2,8,512,108,4500,6.7,60,0,Android,2018,943.6
Xiaomi,Dimensity 9200,16,512,48,6000,7.0,120,0,Android,2020,1170.0
OnePlus,A17 Bionic,6,64,12,4000,7.0,120,0,Android,2023,920.5
Realme,Snapdragon 8 Gen 2,16,512,200,3000,6.1,90,1,Android,2020,1006.4
Xiaomi,Kirin 9000,4,256,48,6000,5.5,120,1,Android,2023,1344.0
Google,Snapdragon 8 Gen 2,12,512,12,6000,6.4,60,1,Android,2024,1559.5
Samsung,Snapdragon 778G,6,512,64,4000,7.0,90,0,Android,2018,911.2
Sony,Snapdragon 8 Gen 2,8,1024,48,6000,6.7,90,1,Android,2023,1726.5
Realme,Snapdragon 778G,8,512,200,3000,6.1,120,0,Android,2021,973.6
Xiaomi,Snapdragon 8 Gen 2,4,128,200,4000,7.0,144,0,Android,2021,1069.6
Oppo,Dimensity 9200,16,512,12,4500,6.7,144,1,Android,2022,1422.0
Google,A17 Bionic,4,1024,12,4000,7.0,60,1,Android,2022,1215.0
Sony,Kirin 9000,12,64,64,6000,7.0,60,1,Android,2022,1446.5
Xiaomi,A17 Bionic,12,128,48,6000,7.0,144,1,Android,2018,1333.2
Apple,Kirin 9000,12,512,48,4500,6.4,120,0,iOS,2020,1606.8
Samsung,Dimensity 9200,4,64,200,6000,6.4,90,0,Android,2022,1551.0
Oppo,A17 Bionic,8,512,108,6000,6.1,144,1,Android,2023,1711.5
Xiaomi,Exynos 2200,8,64,64,4500,6.7,90,0,Android,2020,883.6
Oppo,Kirin 9000,12,64,108,4500,5.5,60,0,Android,2021,1057.2
Xiaomi,Kirin 9000,16,64,48,4000,6.4,120,1,Android,2020,973.6
Apple,Kirin 9000,4,1024,48,5000,5.5,60,1,iOS,2024,2172.0
Sony,Exynos 2200,8,256,108,4500,5.5,120,0,Android,2024,1309.5
Sony,A17 Bionic,16,1024,64,3000,6.7,60,1,Android,2022,1158.5
Realme,Snapdragon 8 Gen 2,4,64,200,3000,6.4,90,1,Android,2023,1152.5
Xiaomi,Dimensity 9200,4,512,108,4000,6.1,120,0,Android,2023,1358.0
Xiaomi,Dimensity 9200,12,512,12,4500,6.7,90,0,Android,2022,1155.5
Apple,Dimensity 9200,16,128,108,4000,6.1,60,1,iOS,2023,1776.0
Apple,Kirin 9000,12,64,200,4000,6.7,60,0,iOS,2020,1355.4
Motorola,Kirin 9000,8,1024,64,3000,6.1,60,1,Android,2024,1109.0
Oppo,Kirin 9000,4,128,108,4500,6.1,120,1,Android,2018,950.8
Sony,Snapdragon 8 Gen 2,12,256,64,6000,5.5,144,0,Android,2018,1155.2
Xiaomi,Dimensity 9200,6,512,48,5000,6.1,60,1,Android,2024,1287.5
Google,Snapdragon 8 Gen 2,12,128,108,6000,6.7,90,0,Android,2022,1366.5
OnePlus,A17 Bionic,6,256,48,4000,6.4,120,1,Android,2018,1060.0
OnePlus,Snapdragon 8 Gen 2,16,1024,200,4000,6.1,144,1,Android,2020,1248.8
Vivo,Snapdragon 778G,16,256,64,6000,6.4,120,1,Android,2023,1710.0
Sony,Snapdragon 778G,12,128,12,4500,6.4,90,1,Android,2018,998.4
Xiaomi,A17 Bionic,16,128,200,4500,6.7,120,1,Android,2023,1519.0
Vivo,Snapdragon 778G,6,128,108,4000,7.0,144,0,Android,2020,1019.2
Motorola,Snapdragon 8 Gen 2,16,1024,12,3000,7.0,120,1,Android,2022,1149.0
Motorola,Exynos 2200,16,64,108,5000,7.0,120,0,Android,2023,1419.5
Motorola,Snapdragon 8 Gen 2,12,1024,12,3000,7.0,120,0,Android,2024,1180.0
Realme,Kirin 9000,12,512,12,4000,6.7,60,1,Android,2018,1060.4
Oppo,Snapdragon 8 Gen 2,8,1024,200,6000,5.5,144,0,Android,2021,1443.2
Samsung,Exynos 2200,12,64,48,4000,6.4,120,0,Android,2022,1042.5
OnePlus,Snapdragon 778G,6,1024,200,6000,6.4,90,0,Android,2018,1342.8
Motorola,Snapdragon 778G,8,512,108,4500,7.0,120,1,Android,2024,1414.5
Realme,Kirin 9000,12,512,108,6000,7.0,144,0,Android,2021,1208.4
Realme,Dimensity 9200,16,64,64,5000,7.0,120,0,Android,2023,1378.5
Samsung,Exynos 2200,4,512,64,5000,7.0,90,1,Android,2024,1388.5
Samsung,Dimensity 9200,8,128,64,5000,6.7,120,0,Android,2018,1118.4
Vivo,A17 Bionic,16,1024,108,6000,6.4,144,0,Android,2022,1953.0
Realme,A17 Bionic,8,128,200,3000,5.5,90,1,Android,2023,1035.5
Sony,Snapdragon 778G,6,1024,200,6000,6.1,120,0,Android,2022,1811.5
Apple,Dimensity 9200,6,512,108,4000,5.5,60,1,iOS,2022,1868.25
Xiaomi,Kirin 9000,4,64,64,5000,5.5,90,0,Android,2020,927.6
Sony,Dimensity 9200,8,64,12,3000,6.1,60,1,Android,2019,616.8
Realme,Snapdragon 778G,16,512,108,5000,6.7,90,0,Android,2018,1224.4
Xiaomi,Exynos 2200,4,512,64,3000,6.4,60,0,Android,2021,876.4
Apple,A17 Bionic,4,512,200,4500,7.0,120,1,iOS,2022,2285.25
Sony,Kirin 9000,12,512,12,5000,6.4,60,1,Android,2020,1071.2
Sony,Snapdragon 8 Gen 2,6,512,108,3000,7.0,120,0,Android,2020,1001.2
Motorola,Snapdragon 778G,16,128,200,4000,5.5,60,0,Android,2023,1388.0
Motorola,Snapdragon 8 Gen 2,12,256,108,3000,6.7,60,0,Android,2018,924.8
Apple,Dimensity 9200,16,64,12,3000,6.7,144,0,iOS,2023,1621.5
Vivo,Dimensity 9200,8,128,108,5000,6.1,90,0,Android,2020,1021.6
Motorola,Snapdragon 8 Gen 2,8,64,12,3000,7.0,60,1,Android,2024,894.5
OnePlus,Dimensity 9200,12,64,64,4500,6.7,144,0,Android,2018,1103.6
OnePlus,Snapdragon 778G,12,64,12,4000,7.0,144,1,Android,2024,1117.0
Google,A17 Bionic,16,128,48,4500,6.7,120,1,Android,2019,981.6
Motorola,Snapdragon 8 Gen 2,16,64,48,4500,5.5,144,0,Android,2023,1237.5
Samsung,Kirin 9000,8,256,48,4000,6.7,60,1,Android,2022,1082.0
Apple,A17 Bionic,16,64,48,3000,6.7,144,1,iOS,2021,1167.6
Apple,A17 Bionic,4,256,12,5000,6.7,120,0,iOS,2020,1438.8
Google,Kirin 9000,16,128,200,4000,7.0,144,0,Android,2019,1092.4
Xiaomi,A17 Bionic,6,64,200,3000,6.4,144,0,Android,2019,831.6
Realme,Snapdragon 778G,12,512,64,3000,5.5,90,0,Android,2019,793.2
Motorola,Dimensity 9200,4,128,48,4000,7.0,90,0,Android,2018,804.4
Motorola,Snapdragon 8 Gen 2,4,128,200,3000,7.0,60,1,Android,2023,1099.0
Vivo,Kirin 9000,6,64,12,6000,5.5,120,1,Android,2018,1169.2
Xiaomi,Kirin 9000,4,64,48,6000,6.1,144,1,Android,2023,1328.0
Xiaomi,Snapdragon 8 Gen 2,8,256,64,3000,6.7,60,1,Android,2018,821.6
Realme,Exynos 2200,12,512,108,5000,7.0,90,1,Android,2018,1296.8
Samsung,Kirin 9000,12,256,48,3000,6.7,60,0,Android,2023,957.0
Google,A17 Bionic,12,64,12,4000,6.7,90,1,Android,2024,1288.0
Sony,Exynos 2200,6,128,64,3000,5.5,90,0,Android,2018,796.0
Sony,A17 Bionic,8,512,12,4500,6.1,120,1,Android,2019,1123.6
Vivo,Kirin 9000,16,128,64,4000,5.5,90,0,Android,2024,1101.0
Motorola,Dimensity 9200,12,1024,64,4500,5.5,144,1,Android,2024,1573.0
Apple,Exynos 2200,16,512,64,4500,6.7,90,1,iOS,2020,1581.0
Apple,Kirin 9000,16,256,200,4000,6.4,90,0,iOS,2019,1795.8
OnePlus,Snapdragon 8 Gen 2,16,512,48,6000,5.5,144,0,Android,2020,1349.6
Samsung,Snapdragon 8 Gen 2,8,256,12,5000,5.5,120,1,Android,2024,1205.5
Apple,Snapdragon 8 Gen 2,6,64,200,3000,5.5,144,1,iOS,2019,1333.2
Motorola,Kirin 9000,16,256,12,4500,7.0,120,0,Android,2022,1310.5
Realme,Kirin 9000,16,1024,108,4500,6.7,90,0,Android,2024,1536.5
Sony,A17 Bionic,8,64,64,4500,7.0,120,1,Android,2024,1306.0
Sony,Dimensity 9200,8,128,12,4500,6.1,90,1,Android,2023,1198.0
Motorola,A17 Bionic,4,256,200,4000,7.0,120,1,Android,2022,1403.5
Sony,A17 Bionic,6,128,64,6000,6.4,90,1,Android,2018,1232.0
Samsung,Exynos 2200,6,1024,48,5000,6.1,120,0,Android,2024,1386.5
Sony,Snapdragon 8 Gen 2,8,256,108,4000,6.1,120,0,Android,2021,1007.6
Sony,Snapdragon 8 Gen 2,4,1024,48,3000,6.7,144,1,Android,2021,879.2
Motorola,Snapdragon 8 Gen 2,16,128,200,6000,6.1,144,0,Android,2021,1422.0
Samsung,Snapdragon 778G,8,256,108,3000,7.0,120,1,Android,2018,1001.6
Realme,Dimensity 9200,4,64,48,6000,6.7,60,1,Android,2018,983.2
Motorola,Dimensity 9200,16,128,108,4500,6.1,60,1,Android,2018,1024.0
Xiaomi,Kirin 9000,8,64,48,4500,6.1,60,0,Android,2023,1210.5
Vivo,Exynos 2200,6,256,48,3000,6.1,60,1,Android,2024,986.0
Apple,Snapdragon 778G,12,256,12,4000,6.7,90,0,iOS,2023,1653.75
OnePlus,Kirin 9000,16,1024,108,4000,6.4,144,0,Android,2019,1130.0
Vivo,Snapdragon 778G,8,1024,200,4000,5.5,144,0,Android,2022,1396.0
Realme,Kirin 9000,16,256,108,4000,7.0,60,1,Android,2019,925.6
Realme,Kirin 9000,4,64,108,6000,6.4,144,0,Android,2022,1500.0
Apple,Snapdragon 8 Gen 2,6,64,12,3000,6.1,144,1,iOS,2021,1357.8
Xiaomi,Kirin 9000,4,1024,12,4000,6.1,60,0,Android,2022,1297.0
Sony,Snapdragon 8 Gen 2,16,256,48,4000,6.4,120,0,Android,2023,1380.0
Xiaomi,Snapdragon 778G,12,1024,64,5000,6.7,60,1,Android,2024,1646.0
Oppo,Exynos 2200,4,64,108,5000,6.7,90,1,Android,2018,1090.0
Realme,Snapdragon 778G,12,512,12,3000,6.7,144,0,Android,2018,944.4
Sony,A17 Bionic,8,128,64,4000,6.4,144,0,Android,2020,974.4
OnePlus,Kirin 9000,6,64,64,4500,5.5,90,0,Android,2024,1122.5
Vivo,Exynos 2200,12,128,200,4000,5.5,120,1,Android,2024,1351.0
OnePlus,Dimensity 9200,6,256,64,4000,6.7,90,0,Android,2020,906.0
Google,Snapdragon 8 Gen 2,12,64,64,6000,6.4,144,0,Android,2018,1201.6
Realme,Snapdragon 778G,12,1024,12,4500,6.1,90,0,Android,2022,1356.0
Realme,A17 Bionic,4,512,48,3000,6.1,90,0,Android,2023,1002.5
OnePlus,Snapdragon 778G,16,256,12,6000,6.1,60,0,Android,2021,1250.0
Realme,Snapdragon 778G,8,64,48,3000,6.4,90,1,Android,2020,790.8
Vivo,Dimensity 9200,4,1024,200,3000,5.5,144,0,Android,2019,1096.4
Apple,Snapdragon 778G,16,1024,48,5000,6.7,144,0,iOS,2023,2567.25
OnePlus,Kirin 9000,12,512,64,5000,5.5,90,0,Android,2024,1303.0
OnePlus,Snapdragon 778G,4,1024,64,4500,7.0,90,1,Android,2018,1073.6
Vivo,Kirin 9000,8,512,48,4500,7.0,144,1,Android,2023,1297.5
Google,Snapdragon 8 Gen 2,12,64,64,6000,5.5,90,1,Android,2024,1536.5
Vivo,Kirin 9000,12,128,200,4000,6.1,144,0,Android,2020,1100.8
Vivo,Dimensity 9200,12,512,64,5000,6.7,60,0,Android,2023,1403.5
Sony,Snapdragon 778G,8,512,64,4000,6.4,144,1,Android,2019,1094.4
Motorola,Exynos 2200,16,1024,64,3000,5.5,90,0,Android,2023,1243.5
Apple,Dimensity 9200,4,512,64,6000,6.7,120,1,iOS,2022,2181.0
Sony,A17 Bionic,16,64,12,4500,5.5,144,0,Android,2024,1366.5
OnePlus,Snapdragon 778G,12,256,48,4000,5.5,120,1,Android,2020,1034.8
Xiaomi,Snapdragon 778G,6,128,64,5000,6.7,120,1,Android,2023,1415.0
OnePlus,Dimensity 9200,8,256,12,4500,6.4,90,0,Android,2019,860.4
Sony,Snapdragon 8 Gen 2,4,256,200,5000,7.0,90,0,Android,2024,1298.5
Motorola,Snapdragon 8 Gen 2,8,256,108,6000,6.7,60,1,Android,2022,1566.5
Samsung,Dimensity 9200,4,1024,108,4000,6.1,90,0,Android,2018,1161.6
Realme,Dimensity 9200,8,256,12,3000,6.1,120,1,Android,2020,774.4
Oppo,Snapdragon 8 Gen 2,16,256,108,6000,6.4,120,0,Android,2019,1287.6
Realme,Exynos 2200,4,1024,48,5000,5.5,90,1,Android,2018,1131.6
Sony,Kirin 9000,6,256,48,4000,7.0,60,1,Android,2022,1066.0
Motorola,A17 Bionic,6,128,108,4500,7.0,144,1,Android,2022,1445.5
OnePlus,Exynos 2200,16,128,48,4500,7.0,60,1,Android,2018,1138.0
Apple,Kirin 9000,6,128,200,4000,6.7,90,0,iOS,2024,1788.75
Samsung,Snapdragon 8 Gen 2,6,64,48,4000,6.4,90,1,Android,2018,976.4
Realme,Snapdragon 8 Gen 2,4,64,200,4000,5.5,120,1,Android,2018,1078.8
Apple,Snapdragon 8 Gen 2,6,64,108,5000,5.5,144,0,iOS,2023,1957.5
OnePlus,Snapdragon 778G,16,128,64,6000,6.7,60,1,Android,2024,1628.0
Motorola,Kirin 9000,16,256,108,5000,7.0,120,1,Android,2022,1397.5
Apple,Dimensity 9200,6,128,200,6000,6.1,90,1,iOS,2023,2571.0
Realme,Exynos 2200,16,64,64,3000,6.7,90,0,Android,2020,771.6
Motorola,Snapdragon 778G,16,64,48,5000,6.7,144,1,Android,2023,1474.5
Xiaomi,Snapdragon 778G,8,64,200,3000,6.1,144,1,Android,2020,870.8
Samsung,Dimensity 9200,8,512,12,3000,6.7,90,1,Android,2023,1147.5
Apple,Snapdragon 778G,6,256,108,6000,6.4,90,0,iOS,2023,2237.25
Xiaomi,Kirin 9000,12,1024,64,6000,5.5,144,0,Android,2018,1446.8
Samsung,Kirin 9000,16,1024,108,4500,5.5,120,1,Android,2018,1404.4
Oppo,Snapdragon 778G,8,1024,64,5000,5.5,144,1,Android,2018,1327.2
Oppo,Kirin 9000,4,256,48,6000,5.5,144,0,Android,2021,1037.2
OnePlus,Dimensity 9200,4,64,200,3000,5.5,60,0,Android,2019,736.8
Apple,Dimensity 9200,12,1024,64,4500,6.4,120,1,iOS,2019,1711.2
Xiaomi,Snapdragon 8 Gen 2,6,128,48,5000,6.4,144,0,Android,2018,934.8
Google,Snapdragon 778G,16,512,108,4000,5.5,144,1,Android,2023,1467.0
Oppo,A17 Bionic,4,256,108,6000,6.7,90,0,Android,2023,1564.0
Samsung,Snapdragon 778G,16,256,64,4000,7.0,120,1,Android,2020,1117.2
OnePlus,Exynos 2200,12,256,48,5000,7.0,60,1,Android,2023,1392.5
Samsung,Exynos 2200,8,256,48,4500,6.7,120,0,Android,2018,1099.2
Vivo,Snapdragon 8 Gen 2,4,64,48,5000,6.1,60,0,Android,2018,980.4
Xiaomi,Kirin 9000,4,64,64,3000,5.5,144,0,Android,2019,760.8
Google,Exynos 2200,12,512,200,6000,7.0,90,1,Android,2018,1425.2
Realme,Snapdragon 778G,6,1024,48,3000,5.5,60,1,Android,2024,1049.0
Samsung,Exynos 2200,4,64,108,5000,7.0,144,1,Android,2018,1160.0
Google,A17 Bionic,6,1024,108,6000,6.4,144,1,Android,2021,1316.0
Apple,Dimensity 9200,4,1024,108,6000,7.0,120,1,iOS,2020,2182.2
Motorola,Snapdragon 778G,16,128,64,5000,7.0,60,1,Android,2020,1089.2
Xiaomi,A17 Bionic,6,64,108,5000,5.5,144,1,Android,2023,1485.0
OnePlus,A17 Bionic,8,1024,64,4500,6.1,120,0,Android,2021,1233.2
Oppo,Kirin 9000,6,512,48,4000,6.7,90,0,Android,2018,954.0
Google,Kirin 9000,12,64,64,3000,6.4,60,1,Android,2023,961.0
Oppo,Snapdragon 778G,12,128,200,4000,6.4,90,1,Android,2023,1334.5
Google,Exynos 2200,16,64,108,3000,6.1,144,0,Android,2024,1124.0
Xiaomi,Exynos 2200,16,512,12,4500,6.1,60,1,Android,2022,1483.0
Vivo,Snapdragon 778G,4,256,200,4500,7.0,144,1,Android,2019,1134.0
Google,Kirin 9000,8,256,48,3000,6.4,120,0,Android,2019,756.0
Samsung,Dimensity 9200,12,512,108,3000,6.1,90,1,Android,2021,977.6
Realme,Kirin 9000,8,1024,64,3000,7.0,120,1,Android,2018,958.8
Motorola,A17 Bionic,16,128,12,4500,6.4,60,0,Android,2019,955.6
Xiaomi,Snapdragon 8 Gen 2,4,1024,200,5000,6.1,144,1,Android,2018,1314.8
Apple,A17 Bionic,16,128,200,5000,6.4,144,0,iOS,2023,2302.5
Realme,A17 Bionic,4,1024,12,3000,6.4,90,1,Android,2021,866.0
Oppo,Dimensity 9200,8,64,12,6000,5.5,144,1,Android,2024,1496.5
Google,Snapdragon 778G,4,128,64,3000,6.1,120,0,Android,2019,842.4
Xiaomi,Kirin 9000,16,256,64,4000,6.4,144,0,Android,2024,1250.0
Motorola,Exynos 2200,8,512,48,4500,6.1,144,1,Android,2022,1363.0
Oppo,Dimensity 9200,6,256,200,3000,7.0,90,1,Android,2019,924.8
Google,Dimensity 9200,16,512,64,4500,6.7,60,1,Android,2020,1194.4
Apple,Kirin 9000,12,128,64,6000,7.0,60,1,iOS,2019,1633.8
Google,A17 Bionic,12,256,200,3000,6.4,60,0,Android,2020,987.2
Google,Snapdragon 778G,4,256,108,6000,5.5,60,0,Android,2020,1020.0
OnePlus,Kirin 9000,6,64,12,6000,5.5,90,0,Android,2019,1114.0
Xiaomi,Kirin 9000,16,512,48,5000,7.0,120,1,Android,2019,1179.6
Realme,Snapdragon 778G,8,1024,200,5000,5.5,60,1,Android,2020,1242.4
Xiaomi,Exynos 2200,8,512,64,5000,7.0,60,0,Android,2020,1138.4
Oppo,Exynos 2200,8,512,200,4500,6.7,120,0,Android,2024,1410.0
Motorola,Exynos 2200,16,64,12,6000,6.4,144,0,Android,2021,1286.8
Realme,Snapdragon 8 Gen 2,6,1024,64,4500,7.0,120,1,Android,2023,1436.5
Samsung,Kirin 9000,6,128,64,5000,7.0,90,1,Android,2018,951.2
Google,Snapdragon 8 Gen 2,16,256,64,4000,6.1,120,1,Android,2019,1056.8
Motorola,Exynos 2200,4,1024,108,3000,5.5,90,0,Android,2019,995.2
Apple,Snapdragon 8 Gen 2,16,128,48,4000,6.4,144,0,iOS,2022,1796.25
Motorola,Snapdragon 778G,6,1024,48,4000,6.7,120,1,Android,2018,1001.6
Sony,A17 Bionic,16,128,48,6000,6.1,90,0,Android,2021,1096.8
Oppo,Kirin 9000,12,256,64,3000,7.0,90,0,Android,2022,1024.0
Xiaomi,Snapdragon 8 Gen 2,16,512,200,5000,6.4,60,1,Android,2023,1647.5
Vivo,Kirin 9000,8,64,48,4000,6.4,120,1,Android,2019,991.6
Realme,A17 Bionic,4,256,108,4000,6.7,60,1,Android,2019,891.6
Google,Snapdragon 8 Gen 2,6,256,200,5000,5.5,144,1,Android,2023,1643.5
Oppo,Snapdragon 778G,4,1024,64,4000,6.7,60,1,Android,2019,986.4
Oppo,A17 Bionic,6,1024,200,4500,6.1,60,0,Android,2018,1230.0
Oppo,Dimensity 9200,4,1024,48,6000,6.7,120,1,Android,2019,1378.8
Motorola,Exynos 2200,4,64,12,5000,6.1,120,0,Android,2021,984.8
Samsung,Snapdragon 8 Gen 2,16,512,108,3000,6.7,120,1,Android,2024,1248.5
Samsung,Dimensity 9200,4,1024,12,6000,6.7,120,1,Android,2024,1676.5
Motorola,A17 Bionic,4,128,48,4500,6.7,90,1,Android,2023,1315.0
Samsung,Exynos 2200,6,256,48,4500,7.0,60,1,Android,2019,1033.6
Vivo,Dimensity 9200,6,128,200,3000,6.4,144,1,Android,2019,998.4
Google,Kirin 9000,8,64,64,4500,6.7,144,1,Android,2018,1048.8
Xiaomi,Snapdragon 778G,4,1024,12,4000,6.1,60,0,Android,2018,1018.0
Oppo,Kirin 9000,4,512,48,3000,7.0,60,1,Android,2021,771.6
Realme,Kirin 9000,16,1024,200,3000,5.5,144,1,Android,2020,1113.2
Motorola,Exynos 2200,4,128,48,3000,6.1,144,1,Android,2020,890.0
OnePlus,Exynos 2200,8,64,12,5000,6.7,144,1,Android,2024,1254.5
Xiaomi,Kirin 9000,6,1024,12,4500,6.1,60,0,Android,2024,1186.0
Realme,Dimensity 9200,6,1024,108,4000,6.7,90,1,Android,2023,1463.0
OnePlus,Snapdragon 8 Gen 2,4,256,48,4500,6.7,60,0,Android,2018,954.4
Google,A17 Bionic,8,128,108,5000,6.1,90,0,Android,2021,1022.0
OnePlus,A17 Bionic,4,128,64,4000,6.1,120,0,Android,2019,772.4
Motorola,Snapdragon 8 Gen 2,8,128,48,4000,7.0,144,1,Android,2019,941.2
Motorola,Snapdragon 8 Gen 2,4,128,48,4500,6.1,144,0,Android,2019,1022.4
Oppo,Kirin 9000,8,1024,108,6000,6.4,144,0,Android,2024,1757.5
Samsung,Kirin 9000,6,256,200,4500,6.7,120,1,Android,2022,1496.5
Oppo,Snapdragon 778G,6,512,64,6000,5.5,120,0,Android,2019,1238.8
Sony,Snapdragon 778G,8,1024,64,5000,6.4,60,0,Android,2023,1365.5
Realme,Exynos 2200,6,512,108,4000,6.7,120,1,Android,2024,1244.5
Samsung,Exynos 2200,8,256,48,6000,6.7,120,0,Android,2024,1540.5
Vivo,Kirin 9000,6,128,108,6000,7.0,90,0,Android,2019,1142.4
Google,Snapdragon 778G,8,512,12,4500,6.4,90,1,Android,2020,928.0
Xiaomi,Snapdragon 8 Gen 2,4,128,12,6000,6.7,90,0,Android,2019,1031.6
Xiaomi,Kirin 9000,8,1024,12,3000,5.5,144,1,Android,2020,1075.6
OnePlus,Snapdragon 8 Gen 2,16,512,48,3000,7.0,144,1,Android,2021,998.0
Xiaomi,Kirin 9000,8,1024,64,3000,6.1,60,1,Android,2020,914.4
Oppo,Snapdragon 778G,6,128,108,4000,6.1,60,0,Android,2019,869.6
Xiaomi,A17 Bionic,4,512,200,4000,7.0,144,1,Android,2018,1089.6
Samsung,Dimensity 9200,8,128,108,4000,6.1,60,1,Android,2021,1028.4
OnePlus,Kirin 9000,8,1024,64,3000,6.7,120,1,Android,2023,1145.0
Oppo,Snapdragon 8 Gen 2,6,512,48,6000,5.5,120,0,Android,2022,1499.0
Sony,Snapdragon 8 Gen 2,4,256,108,5000,6.4,60,1,Android,2020,1068.0
Sony,Exynos 2200,12,256,12,4500,6.4,120,0,Android,2021,1027.2
Realme,A17 Bionic,16,512,48,4000,7.0,90,1,Android,2020,1073.2
Realme,A17 Bionic,12,512,108,4500,7.0,90,0,Android,2022,1512.0
Realme,Snapdragon 778G,12,64,64,6000,6.7,144,1,Android,2024,1406.0
Realme,Snapdragon 8 Gen 2,8,128,108,3000,6.1,144,1,Android,2018,810.0
Apple,A17 Bionic,8,512,48,4000,7.0,60,1,iOS,2022,1764.0
Sony,Exynos 2200,16,128,108,4000,6.7,90,0,Android,2022,1185.5
OnePlus,Snapdragon 8 Gen 2,12,64,64,5000,7.0,60,1,Android,2018,1132.0
Realme,Snapdragon 778G,4,512,48,6000,6.4,90,1,Android,2020,1118.8
OnePlus,Exynos 2200,12,128,12,3000,7.0,60,1,Android,2023,919.5
Samsung,Snapdragon 778G,16,256,64,6000,6.7,90,0,Android,2019,1173.2
Apple,Snapdragon 778G,8,1024,64,5000,7.0,144,0,iOS,2020,1762.8
Oppo,Dimensity 9200,12,64,108,4500,6.1,90,1,Android,2023,1206.0
OnePlus,Kirin 9000,4,512,64,3000,5.5,90,1,Android,2020,792.4
Samsung,Snapdragon 778G,6,64,48,4000,5.5,144,1,Android,2024,1111.5
Samsung,Snapdragon 8 Gen 2,16,1024,200,4000,6.1,144,0,Android,2023,1760.0
Sony,Exynos 2200,12,512,108,6000,6.7,144,1,Android,2021,1466.0
OnePlus,A17 Bionic,6,64,200,4000,6.7,90,1,Android,2022,1142.5
Google,Dimensity 9200,12,256,48,4000,6.4,120,1,Android,2018,993.6
Realme,Exynos 2200,16,64,200,4000,7.0,144,0,Android,2018,1200.4
Motorola,Snapdragon 778G,4,128,108,3000,5.5,90,0,Android,2024,1094.0
Motorola,Dimensity 9200,4,1024,108,4000,7.0,60,1,Android,2021,1092.4
Sony,Snapdragon 778G,6,128,48,3000,6.7,120,1,Android,2019,793.6
Apple,Snapdragon 778G,16,1024,64,6000,6.7,120,0,iOS,2019,2035.8
Oppo,Dimensity 9200,16,256,200,6000,6.4,90,1,Android,2018,1461.2
OnePlus,Snapdragon 778G,4,256,108,4500,6.1,90,1,Android,2022,1151.0
Oppo,Snapdragon 778G,12,64,48,4500,6.7,144,1,Android,2020,948.8
OnePlus,Exynos 2200,8,512,200,5000,6.1,144,0,Android,2018,1284.4
OnePlus,Snapdragon 8 Gen 2,16,1024,64,4000,6.4,90,1,Android,2022,1387.0
Vivo,Snapdragon 778G,16,512,200,6000,6.4,144,0,Android,2020,1438.8
Apple,Exynos 2200,16,128,200,3000,7.0,60,0,iOS,2022,1635.0
Realme,Snapdragon 778G,16,256,12,6000,7.0,60,0,Android,2021,1241.6
Samsung,Dimensity 9200,8,512,108,6000,7.0,90,1,Android,2021,1227.6
Motorola,Exynos 2200,6,64,64,4000,6.1,60,0,Android,2018,735.2
Xiaomi,Kirin 9000,12,512,200,3000,6.4,90,0,Android,2023,1302.0
Vivo,Dimensity 9200,12,1024,200,4000,6.4,120,0,Android,2019,1127.6
Xiaomi,Exynos 2200,8,64,48,4500,6.7,120,0,Android,2024,1187.0
Samsung,Exynos 2200,8,512,64,5000,7.0,60,0,Android,2019,1089.6
Realme,Dimensity 9200,8,512,64,3000,6.4,90,1,Android,2023,1231.5
Motorola,Snapdragon 778G,8,256,48,6000,5.5,90,0,Android,2021,1175.6
Apple,Dimensity 9200,12,64,200,4500,7.0,120,0,iOS,2018,1724.4
OnePlus,A17 Bionic,8,256,200,6000,6.7,144,0,Android,2021,1416.4
Xiaomi,A17 Bionic,8,1024,64,6000,6.7,120,1,Android,2018,1324.0
Apple,Dimensity 9200,6,512,12,5000,6.1,120,0,iOS,2024,2049.75
Google,A17 Bionic,16,64,108,3000,6.4,90,0,Android,2019,948.0
Samsung,Snapdragon 778G,12,64,108,6000,6.4,120,1,Android,2022,1572.5
Motorola,Kirin 9000,12,128,64,4500,5.5,120,1,Android,2019,960.4
Samsung,Dimensity 9200,12,256,108,5000,7.0,120,1,Android,2024,1495.5
Xiaomi,Exynos 2200,16,256,48,5000,6.1,144,0,Android,2024,1531.0
Oppo,Dimensity 9200,8,512,12,4000,7.0,120,1,Android,2020,940.8
Oppo,Dimensity 9200,4,128,108,6000,6.7,60,1,Android,2021,1248.8
Realme,Dimensity 9200,4,64,64,5000,6.1,60,0,Android,2021,1058.0
Vivo,Snapdragon 778G,6,256,48,4500,6.7,144,1,Android,2020,1080.8
Xiaomi,Dimensity 9200,12,256,108,4500,5.5,144,0,Android,2024,1320.5
Vivo,Snapdragon 778G,16,128,64,4000,6.1,60,1,Android,2020,947.2
Realme,Kirin 9000,4,64,200,4500,6.4,120,1,Android,2023,1236.5
Oppo,Exynos 2200,4,64,48,5000,5.5,60,1,Android,2024,1139.5
Realme,Snapdragon 8 Gen 2,8,512,64,3000,6.1,60,0,Android,2021,792.8
Google,Exynos 2200,8,512,48,4500,7.0,90,0,Android,2024,1400.0
Apple,A17 Bionic,4,1024,48,6000,6.4,90,0,iOS,2021,1858.2
Motorola,Kirin 9000,6,512,108,4000,6.4,60,1,Android,2021,1037.6
Google,A17 Bionic,4,1024,12,4000,6.4,90,0,Android,2018,1004.4
Realme,Snapdragon 8 Gen 2,6,1024,12,5000,6.1,120,1,Android,2024,1454.0
OnePlus,Snapdragon 778G,12,512,64,4000,6.4,144,1,Android,2021,1183.6
Samsung,Kirin 9000,8,1024,108,5000,7.0,90,1,Android,2021,1377.6
Apple,Dimensity 9200,6,64,64,4500,6.4,120,0,iOS,2024,1640.25
Sony,Kirin 9000,16,1024,12,3000,6.1,60,0,Android,2019,1016.0
OnePlus,Snapdragon 8 Gen 2,16,64,64,4500,6.7,144,1,Android,2021,998.0
Vivo,A17 Bionic,6,128,200,3000,5.5,60,0,Android,2020,894.0
Xiaomi,Snapdragon 8 Gen 2,4,1024,12,4500,7.0,90,1,Android,2021,1094.0
Google,Exynos 2200,4,512,48,4500,7.0,90,0,Android,2018,1058.4
Samsung,A17 Bionic,6,1024,48,4500,5.5,144,1,Android,2019,1157.6
Google,Dimensity 9200,8,256,200,5000,6.4,144,1,Android,2021,1346.8
Realme,Snapdragon 8 Gen 2,12,512,12,5000,7.0,60,1,Android,2024,1419.5
Google,A17 Bionic,8,1024,108,4000,6.1,60,0,Android,2018,1197.2
Realme,Snapdragon 8 Gen 2,4,1024,48,5000,6.4,90,0,Android,2018,1236.4
OnePlus,Snapdragon 8 Gen 2,6,1024,48,3000,7.0,60,0,Android,2018,987.2
Xiaomi,Kirin 9000,12,512,48,6000,5.5,90,1,Android,2022,1527.0
Google,Kirin 9000,8,1024,64,3000,6.4,60,0,Android,2024,1303.0
Oppo,Exynos 2200,4,256,108,4500,6.4,144,0,Android,2019,1014.8
OnePlus,Kirin 9000,8,1024,64,6000,6.7,120,0,Android,2023,1805.5
Sony,Kirin 9000,8,256,108,3000,5.5,120,0,Android,2018,891.6
Realme,Kirin 9000,4,64,12,4500,7.0,60,0,Android,2021,781.6
Oppo,Snapdragon 8 Gen 2,12,128,108,4500,6.7,144,1,Android,2022,1421.0
Samsung,Snapdragon 778G,16,256,200,4500,6.1,60,1,Android,2022,1599.5
OnePlus,Kirin 9000,16,512,48,5000,6.7,90,0,Android,2019,1125.6
Vivo,Dimensity 9200,12,256,64,4500,5.5,90,1,Android,2024,1235.0
Google,A17 Bionic,8,1024,64,5000,6.4,60,1,Android,2024,1451.0
Apple,A17 Bionic,8,128,12,5000,5.5,144,1,iOS,2020,1720.8
Motorola,Snapdragon 778G,6,256,64,6000,6.1,144,1,Android,2022,1573.0
Apple,Exynos 2200,12,512,48,6000,6.4,144,0,iOS,2020,1933.8
Apple,Kirin 9000,16,128,12,3000,6.1,120,0,iOS,2019,1176.0
Vivo,Snapdragon 778G,4,1024,48,4500,6.1,144,1,Android,2023,1487.0
Motorola,Dimensity 9200,8,128,12,6000,6.7,120,0,Android,2023,1452.0
Realme,A17 Bionic,8,64,48,4000,7.0,120,1,Android,2019,1003.6
Oppo,Snapdragon 778G,8,64,108,4000,7.0,144,1,Android,2023,1164.0
Apple,Kirin 9000,4,64,48,4500,6.4,120,1,iOS,2021,1519.8
Sony,Kirin 9000,4,256,108,4000,6.7,120,1,Android,2024,1334.0
Sony,Snapdragon 778G,8,1024,200,4000,5.5,60,1,Android,2019,1174.0
Apple,Kirin 9000,16,1024,12,3000,5.5,90,0,iOS,2020,1317.0
OnePlus,A17 Bionic,6,64,64,4000,6.4,90,1,Android,2024,1159.5
Realme,A17 Bionic,12,256,200,5000,6.7,120,1,Android,2019,1341.6
Xiaomi,Exynos 2200,12,1024,48,5000,5.5,90,1,Android,2022,1624.0
Motorola,Dimensity 9200,8,128,12,6000,7.0,120,0,Android,2024,1461.0
Xiaomi,Snapdragon 8 Gen 2,6,64,12,4000,7.0,60,1,Android,2021,739.2
Oppo,Snapdragon 8 Gen 2,8,256,48,5000,6.7,90,1,Android,2023,1249.5
Sony,Exynos 2200,4,64,48,4500,7.0,120,0,Android,2019,895.6
Apple,A17 Bionic,8,256,108,5000,7.0,60,0,iOS,2023,1749.75
Realme,Kirin 9000,8,128,64,5000,6.4,60,0,Android,2019,930.4
Realme,Exynos 2200,12,512,12,6000,6.7,144,0,Android,2020,1211.2
OnePlus,Exynos 2200,12,1024,108,6000,6.1,90,0,Android,2018,1466.4
Oppo,Dimensity 9200,8,512,12,4500,6.1,60,1,Android,2024,1309.0
Google,Snapdragon 8 Gen 2,8,128,48,6000,7.0,144,1,Android,2022,1396.0
Motorola,Snapdragon 8 Gen 2,6,512,64,3000,6.1,120,0,Android,2019,815.6
Xiaomi,Snapdragon 8 Gen 2,4,64,200,3000,6.4,144,0,Android,2021,958.0
Vivo,Kirin 9000,6,64,12,5000,5.5,90,0,Android,2023,1032.0
Sony,Dimensity 9200,4,256,64,3000,7.0,144,0,Android,2018,805.2
Sony,Kirin 9000,6,512,64,3000,5.5,60,0,Android,2019,791.6
Vivo,Dimensity 9200,12,64,200,4000,5.5,120,0,Android,2020,1015.6
OnePlus,A17 Bionic,12,64,12,4000,7.0,120,0,Android,2019,875.2
Vivo,A17 Bionic,8,128,12,4500,6.1,90,0,Android,2019,880.0
Google,Snapdragon 8 Gen 2,6,64,200,4000,6.4,144,0,Android,2018,930.0
Motorola,Snapdragon 778G,12,512,48,3000,5.5,120,0,Android,2018,936.8
Vivo,Dimensity 9200,8,64,108,4500,6.7,120,0,Android,2019,1102.4
Apple,Kirin 9000,4,128,64,4500,7.0,144,1,iOS,2021,1537.8
Motorola,Dimensity 9200,6,256,64,4000,7.0,60,1,Android,2019,825.2
Vivo,Kirin 9000,6,64,64,3000,5.5,144,1,Android,2020,748.0
OnePlus,Kirin 9000,4,1024,200,6000,5.5,144,1,Android,2019,1367.6
Apple,Exynos 2200,4,1024,48,6000,6.4,120,0,iOS,2023,2205.0
OnePlus,Exynos 2200,8,256,48,4500,7.0,60,1,Android,2023,1314.5
Samsung,Snapdragon 778G,4,512,108,4500,6.1,90,0,Android,2022,1413.5
Samsung,Snapdragon 778G,12,1024,64,5000,6.4,144,0,Android,2020,1164.8
OnePlus,Snapdragon 8 Gen 2,6,64,12,3000,6.4,144,1,Android,2019,779.6
Oppo,Exynos 2200,12,128,108,6000,6.1,120,0,Android,2022,1431.0
Xiaomi,Exynos 2200,6,64,64,6000,6.7,90,0,Android,2020,1109.2
Samsung,Kirin 9000,16,128,48,4000,7.0,120,0,Android,2023,1099.5
Sony,Exynos 2200,8,64,12,6000,6.7,144,1,Android,2024,1559.5
Oppo,Dimensity 9200,6,256,200,4000,6.4,60,1,Android,2020,914.4
Vivo,Snapdragon 8 Gen 2,16,128,48,3000,7.0,144,1,Android,2021,837.2
Samsung,Kirin 9000,4,256,48,5000,6.1,90,0,Android,2024,1117.0
OnePlus,Exynos 2200,16,128,200,5000,6.7,144,0,Android,2018,1244.4
Sony,A17 Bionic,6,1024,48,4500,6.7,120,0,Android,2024,1397.0
Vivo,Exynos 2200,8,64,12,3000,5.5,144,1,Android,2018,816.4
Samsung,A17 Bionic,8,256,200,3000,6.7,60,1,Android,2019,817.2
Samsung,A17 Bionic,12,1024,12,4000,7.0,144,1,Android,2022,1429.0
Realme,Dimensity 9200,12,256,48,4500,7.0,60,1,Android,2018,1011.6
Apple,Dimensity 9200,4,128,200,4000,6.7,60,1,iOS,2021,1463.4
Motorola,Dimensity 9200,8,512,108,3000,6.4,90,0,Android,2021,950.4
Google,Snapdragon 8 Gen 2,8,64,12,6000,6.4,90,0,Android,2024,1491.0
OnePlus,Exynos 2200,16,512,108,4000,6.1,144,1,Android,2020,1195.2
Sony,Snapdragon 8 Gen 2,16,256,64,3000,6.7,60,0,Android,2019,863.6
OnePlus,Snapdragon 8 Gen 2,4,256,12,3000,7.0,90,1,Android,2021,701.6
Motorola,Kirin 9000,8,64,64,3000,6.1,90,0,Android,2024,997.5
Motorola,Exynos 2200,4,64,12,6000,6.7,120,1,Android,2018,1165.2
Vivo,Snapdragon 8 Gen 2,16,1024,200,4500,7.0,60,1,Android,2023,1789.5
Sony,Snapdragon 778G,4,128,200,4000,7.0,60,0,Android,2020,838.4
Xiaomi,Exynos 2200,12,128,108,3000,6.7,90,1,Android,2023,1217.5
Samsung,Exynos 2200,4,1024,64,6000,6.4,120,0,Android,2021,1397.6
Xiaomi,Dimensity 9200,12,128,108,3000,6.7,120,1,Android,2023,1017.5
Xiaomi,Kirin 9000,8,64,48,4000,6.4,120,0,Android,2022,1087.0
Samsung,A17 Bionic,16,128,200,3000,5.5,60,1,Android,2022,1285.5
Realme,Snapdragon 8 Gen 2,8,128,48,4500,6.4,144,0,Android,2019,910.8
Sony,Kirin 9000,16,1024,64,4500,6.4,120,1,Android,2021,1284.8
Xiaomi,Snapdragon 778G,16,64,12,4000,7.0,120,1,Android,2023,1267.0
Oppo,Dimensity 9200,12,1024,12,6000,7.0,144,1,Android,2022,1663.0
Motorola,Snapdragon 8 Gen 2,12,64,48,6000,5.5,120,1,Android,2019,1092.4
Sony,Snapdragon 778G,4,512,64,4000,5.5,60,1,Android,2024,1091.0
Motorola,Kirin 9000,8,1024,108,5000,6.7,120,1,Android,2019,1196.0
Apple,A17 Bionic,8,512,12,6000,6.7,90,0,iOS,2023,2353.5
Google,Kirin 9000,6,512,64,4500,6.4,60,1,Android,2022,1434.0
Sony,Dimensity 9200,12,512,108,4500,6.4,120,1,Android,2022,1593.0
Xiaomi,A17 Bionic,16,64,64,4000,5.5,120,1,Android,2018,889.6
Realme,Kirin 9000,16,1024,108,3000,6.4,90,0,Android,2021,1112.4
OnePlus,Kirin 9000,6,128,200,4000,7.0,144,1,Android,2022,1211.5
Xiaomi,Kirin 9000,16,1024,200,6000,6.1,144,0,Android,2022,1820.0
Vivo,Kirin 9000,16,128,64,4000,6.7,90,1,Android,2018,892.4
Xiaomi,Exynos 2200,12,1024,200,4500,7.0,90,0,Android,2019,1188.8
Apple,Kirin 9000,16,512,12,4000,5.5,144,0,iOS,2023,1928.25
Google,Snapdragon 8 Gen 2,8,512,48,4000,6.1,90,1,Android,2021,1097.2
Realme,Dimensity 9200,16,512,64,5000,6.1,60,1,Android,2019,1108.8
Motorola,Exynos 2200,12,64,200,4500,5.5,60,0,Android,2019,1046.8
Google,Snapdragon 8 Gen 2,16,1024,64,4000,6.7,144,0,Android,2019,1267.2
Vivo,Snapdragon 778G,16,128,48,5000,7.0,120,1,Android,2020,1153.2
OnePlus,Snapdragon 8 Gen 2,4,256,200,4500,6.4,90,1,Android,2019,1041.2
Samsung,Dimensity 9200,8,512,48,3000,6.1,90,0,Android,2020,850.4
Motorola,Snapdragon 778G,16,64,64,4000,6.7,144,0,Android,2022,1359.0
Realme,Dimensity 9200,4,64,200,4500,6.7,120,0,Android,2023,1174.5
Apple,A17 Bionic,4,512,64,5000,7.0,120,0,iOS,2019,1510.8
Google,Snapdragon 8 Gen 2,4,1024,200,5000,6.4,90,1,Android,2018,1230.0
OnePlus,Snapdragon 778G,8,64,64,4000,7.0,144,0,Android,2021,908.0
Oppo,Snapdragon 778G,4,64,64,5000,7.0,90,0,Android,2020,931.2
Xiaomi,Kirin 9000,16,1024,12,4000,7.0,120,0,Android,2021,1220.0
Xiaomi,Kirin 9000,4,64,64,5000,6.1,90,0,Android,2020,877.2
Samsung,Kirin 9000,6,128,48,5000,7.0,60,1,Android,2023,1167.0
OnePlus,A17 Bionic,8,1024,200,4000,7.0,144,0,Android,2023,1596.0
OnePlus,A17 Bionic,6,64,108,4000,7.0,144,1,Android,2022,1324.0
Apple,Snapdragon 778G,8,512,108,6000,6.1,90,0,iOS,2022,2504.25
Motorola,Kirin 9000,12,64,200,4000,6.4,144,0,Android,2020,1033.6
Google,Exynos 2200,8,64,12,6000,6.1,144,0,Android,2022,1374.0
Samsung,Snapdragon 8 Gen 2,8,128,200,4000,5.5,90,1,Android,2019,1091.2
Realme,A17 Bionic,12,256,200,4500,6.4,144,1,Android,2022,1507.0
Vivo,A17 Bionic,8,1024,48,6000,6.1,120,1,Android,2021,1247.6
Oppo,Exynos 2200,16,256,200,6000,6.7,60,1,Android,2023,1574.0
OnePlus,Exynos 2200,4,512,12,4000,5.5,120,0,Android,2020,903.6
Samsung,A17 Bionic,16,256,200,5000,5.5,144,0,Android,2022,1438.5
Oppo,Kirin 9000,8,256,108,4000,6.7,144,0,Android,2024,1291.5
Motorola,Kirin 9000,12,128,48,5000,7.0,144,0,Android,2020,1097.2
Sony,Kirin 9000,4,256,108,4500,5.5,60,1,Android,2019,985.2
Motorola,Dimensity 9200,4,64,200,4500,5.5,120,0,Android,2023,1348.5
Samsung,Dimensity 9200,16,512,48,5000,6.1,60,0,Android,2018,1108.0
Xiaomi,Kirin 9000,4,512,108,3000,6.4,144,0,Android,2018,974.0
Xiaomi,Kirin 9000,6,128,108,3000,6.1,90,0,Android,2022,875.0
Oppo,Dimensity 9200,6,64,48,3000,6.1,144,1,Android,2020,905.6
Xiaomi,Kirin 9000,6,64,108,6000,5.5,90,1,Android,2024,1415.5
OnePlus,Snapdragon 8 Gen 2,16,512,108,4000,6.7,144,1,Android,2019,1203.2
Apple,Dimensity 9200,8,1024,48,3000,6.4,60,0,iOS,2021,1241.4
Realme,Dimensity 9200,8,128,108,3000,6.1,60,1,Android,2023,992.5
Google,Exynos 2200,4,64,64,3000,5.5,144,0,Android,2022,1072.5
Oppo,Kirin 9000,12,512,48,3000,6.4,60,0,Android,2019,870.8
Motorola,Kirin 9000,4,1024,12,4000,6.1,90,1,Android,2018,1016.4
Motorola,Dimensity 9200,6,1024,48,4000,5.5,144,0,Android,2020,1204.8
Motorola,Dimensity 9200,6,1024,48,3000,7.0,90,1,Android,2024,1248.5
Vivo,Kirin 9000,12,1024,12,4000,7.0,144,1,Android,2021,1165.2
Oppo,Snapdragon 778G,12,1024,48,4500,6.1,144,1,Android,2020,1173.6
Oppo,Dimensity 9200,6,512,108,3000,6.7,144,1,Android,2018,848.4
Apple,Kirin 9000,16,64,48,5000,6.7,144,1,iOS,2022,2328.75
Samsung,Kirin 9000,12,128,64,4500,6.1,60,0,Android,2019,1002.4
Realme,Exynos 2200,6,1024,64,4000,5.5,90,1,Android,2021,982.8
Motorola,Snapdragon 8 Gen 2,16,128,48,4500,6.1,60,0,Android,2024,1227.5
Realme,Snapdragon 8 Gen 2,12,128,108,4500,7.0,60,0,Android,2020,1005.2
Motorola,Kirin 9000,8,256,108,4000,6.4,120,1,Android,2021,988.4
Oppo,Snapdragon 8 Gen 2,4,1024,64,6000,6.4,120,0,Android,2022,1709.0
Xiaomi,Snapdragon 778G,12,128,108,6000,6.4,144,0,Android,2020,1204.4
Apple,Dimensity 9200,4,512,64,6000,6.4,90,1,iOS,2023,2322.0
Motorola,Snapdragon 778G,4,128,200,4000,6.7,90,0,Android,2020,898.8
Samsung,Dimensity 9200,6,512,64,5000,7.0,60,1,Android,2018,988.8
Motorola,Snapdragon 778G,4,64,64,3000,5.5,120,1,Android,2022,1012.0
Realme,Kirin 9000,16,512,108,3000,7.0,120,1,Android,2022,1253.0
Xiaomi,A17 Bionic,4,256,108,6000,5.5,60,1,Android,2020,1198.4
Apple,Kirin 9000,4,128,200,6000,5.5,60,0,iOS,2021,1602.6
Xiaomi,Snapdragon 778G,4,512,64,5000,6.7,90,0,Android,2024,1313.5
Google,Snapdragon 8 Gen 2,12,512,48,6000,7.0,144,1,Android,2021,1425.2
OnePlus,Kirin 9000,6,256,108,3000,5.5,90,1,Android,2021,826.4
Google,Kirin 9000,12,1024,64,4500,6.4,90,1,Android,2022,1479.0
OnePlus,Kirin 9000,8,128,48,4000,6.7,120,1,Android,2019,852.4
Apple,Exynos 2200,6,64,108,3000,6.1,90,0,iOS,2024,1444.5
Sony,Snapdragon 778G,6,128,200,5000,7.0,90,1,Android,2024,1517.5
Xiaomi,Snapdragon 8 Gen 2,16,1024,200,4500,6.1,60,0,Android,2019,1179.2
Oppo,Snapdragon 8 Gen 2,12,256,48,4500,6.1,90,1,Android,2024,1177.0
Oppo,Exynos 2200,8,128,200,3000,5.5,120,1,Android,2022,1116.0
Xiaomi,Exynos 2200,12,64,108,4000,7.0,60,1,Android,2024,1169.5
Vivo,A17 Bionic,4,128,200,4500,6.1,90,1,Android,2023,1291.0
Motorola,Snapdragon 778G,16,128,108,3000,6.7,144,1,Android,2024,1254.5
Realme,A17 Bionic,6,512,12,6000,5.5,120,0,Android,2021,1227.6
Vivo,Snapdragon 778G,8,64,12,5000,6.4,60,1,Android,2020,944.8
Samsung,Kirin 9000,8,1024,48,6000,6.7,90,0,Android,2021,1347.2
Motorola,Kirin 9000,16,256,64,5000,6.7,90,0,Android,2022,1492.5
Realme,Dimensity 9200,16,1024,108,4000,6.4,120,0,Android,2023,1592.0
Realme,Kirin 9000,8,128,12,4500,5.5,90,1,Android,2018,976.0
Apple,Snapdragon 8 Gen 2,12,1024,200,4500,6.7,144,1,iOS,2023,2418.75
Samsung,Snapdragon 8 Gen 2,4,128,108,5000,5.5,60,1,Android,2022,1218.5
Xiaomi,A17 Bionic,12,256,48,6000,7.0,144,0,Android,2020,1244.4
Realme,Snapdragon 778G,12,1024,48,4000,6.1,60,0,Android,2024,1371.0
OnePlus,Dimensity 9200,4,64,12,4000,6.1,120,0,Android,2023,952.0
Xiaomi,A17 Bionic,6,1024,48,4000,6.1,90,0,Android,2019,1013.6
Apple,Snapdragon 778G,16,1024,12,5000,7.0,90,0,iOS,2024,2111.25
Google,Snapdragon 778G,16,128,64,4000,6.7,120,1,Android,2022,1282.0
Google,A17 Bionic,8,64,200,4500,6.7,120,1,Android,2021,1225.6
OnePlus,A17 Bionic,16,256,64,4000,7.0,144,0,Android,2018,979.6
Realme,Dimensity 9200,16,1024,64,4000,6.1,144,1,Android,2021,1129.2
Google,Exynos 2200,6,1024,108,4500,6.7,144,0,Android,2023,1433.5
OnePlus,A17 Bionic,16,128,108,3000,6.7,90,1,Android,2018,842.0
Apple,Snapdragon 8 Gen 2,16,512,64,3000,7.0,60,0,iOS,2018,1427.4
Oppo,Kirin 9000,16,1024,108,4000,6.7,60,0,Android,2024,1502.0
Apple,Kirin 9000,4,256,48,5000,6.1,120,1,iOS,2018,1536.6
Xiaomi,Exynos 2200,4,256,64,4000,6.7,60,1,Android,2022,980.0
Oppo,Snapdragon 8 Gen 2,4,128,12,4000,6.1,90,1,Android,2019,774.0
Samsung,Snapdragon 778G,16,1024,48,5000,6.4,120,0,Android,2020,1358.4
Realme,Dimensity 9200,8,64,12,3000,6.4,90,1,Android,2022,969.5
Realme,Dimensity 9200,16,128,108,3000,5.5,144,1,Android,2018,842.0
OnePlus,Kirin 9000,6,128,64,3000,6.7,90,1,Android,2018,792.0
Xiaomi,Dimensity 9200,4,64,64,3000,6.4,90,0,Android,2024,895.0
Xiaomi,Snapdragon 8 Gen 2,12,256,108,4500,6.4,120,0,Android,2021,1136.0
Motorola,Snapdragon 8 Gen 2,4,1024,48,4000,6.7,60,0,Android,2020,891.6
Samsung,Kirin 9000,6,512,48,4500,7.0,60,0,Android,2018,1042.0
Vivo,Exynos 2200,6,256,108,6000,7.0,120,0,Android,2021,1176.4
Samsung,Kirin 9000,8,256,108,4000,5.5,120,1,Android,2023,1387.0
Samsung,Snapdragon 8 Gen 2,12,512,108,5000,6.4,144,1,Android,2024,1418.0
Motorola,Snapdragon 778G,16,1024,108,4000,6.7,120,0,Android,2018,1100.0
OnePlus,Snapdragon 8 Gen 2,6,128,48,5000,5.5,144,1,Android,2018,969.6
OnePlus,Exynos 2200,16,128,64,4500,6.1,60,0,Android,2019,1012.0
Realme,Snapdragon 8 Gen 2,6,64,64,5000,7.0,120,0,Android,2024,1380.5
Oppo,Dimensity 9200,8,512,108,6000,6.1,60,0,Android,2022,1607.0
Apple,Dimensity 9200,6,256,12,6000,6.1,120,1,iOS,2020,1587.6
Vivo,Dimensity 9200,8,128,108,4000,6.7,90,1,Android,2021,1084.8
Realme,Snapdragon 8 Gen 2,6,128,12,4500,6.1,90,1,Android,2024,1149.0
Sony,Dimensity 9200,12,1024,12,4500,6.1,90,1,Android,2023,1565.5
Samsung,Snapdragon 778G,8,128,108,4000,6.1,120,1,Android,2020,1024.8
Xiaomi,Exynos 2200,16,64,12,3000,6.1,60,0,Android,2019,692.0
OnePlus,Kirin 9000,6,128,108,6000,6.1,90,0,Android,2023,1320.0
Apple,A17 Bionic,8,1024,200,3000,6.4,120,1,iOS,2018,1711.2
Sony,Exynos 2200,12,512,108,4000,6.7,144,1,Android,2023,1263.5
Oppo,Exynos 2200,8,256,200,3000,6.4,90,0,Android,2020,861.6
Sony,Dimensity 9200,16,128,108,4000,5.5,90,1,Android,2023,1180.0
Apple,Snapdragon 778G,16,1024,108,6000,6.1,120,1,iOS,2022,2805.75
Realme,Dimensity 9200,16,1024,108,4000,6.4,144,1,Android,2019,1337.2
Xiaomi,Snapdragon 8 Gen 2,8,128,64,6000,5.5,90,0,Android,2019,1087.6
Samsung,Snapdragon 778G,8,128,108,3000,6.7,60,0,Android,2021,771.6
Apple,Exynos 2200,6,128,48,4500,6.7,90,1,iOS,2019,1450.2
Xiaomi,A17 Bionic,4,256,48,5000,6.4,90,1,Android,2019,915.2
Samsung,Exynos 2200,6,512,12,5000,6.7,144,1,Android,2020,1147.6
Realme,A17 Bionic,8,128,64,3000,5.5,144,0,Android,2018,746.8
Xiaomi,A17 Bionic,4,512,48,4500,6.1,90,0,Android,2019,880.8
Vivo,Exynos 2200,6,64,12,5000,6.7,144,1,Android,2023,1185.5
Samsung,Snapdragon 778G,12,128,48,4500,6.7,120,0,Android,2022,1126.5
Apple,Kirin 9000,12,128,108,4500,5.5,144,0,iOS,2023,1779.75
Xiaomi,Kirin 9000,16,64,48,5000,6.1,60,1,Android,2021,1104.0
Realme,Kirin 9000,8,512,12,6000,5.5,120,0,Android,2021,1172.0
Motorola,A17 Bionic,8,256,48,4500,5.5,120,1,Android,2023,1366.0
OnePlus,Snapdragon 778G,8,1024,64,4000,6.4,120,1,Android,2019,1254.4
Sony,Exynos 2200,12,64,48,3000,5.5,90,1,Android,2023,1051.0
OnePlus,Exynos 2200,16,64,108,4500,6.4,120,0,Android,2019,1126.8
Vivo,Snapdragon 8 Gen 2,12,128,64,4000,5.5,144,1,Android,2018,946.8
Samsung,Kirin 9000,6,1024,48,4500,6.1,90,1,Android,2024,1325.5
Google,Snapdragon 778G,12,512,48,6000,5.5,144,0,Android,2018,1342.4
Oppo,A17 Bionic,12,1024,12,3000,5.5,120,1,Android,2021,1117.2
Motorola,A17 Bionic,16,128,200,4500,7.0,90,0,Android,2022,1549.5
Oppo,Kirin 9000,8,1024,108,5000,6.4,120,1,Android,2020,1330.4
Samsung,Dimensity 9200,16,256,200,6000,6.1,90,1,Android,2019,1428.8
Sony,Kirin 9000,6,128,48,4500,5.5,120,0,Android,2022,1095.5
Apple,A17 Bionic,16,512,200,5000,7.0,144,0,iOS,2020,2112.6
OnePlus,Dimensity 9200,6,256,64,5000,5.5,60,0,Android,2021,988.8
Motorola,Kirin 9000,16,1024,48,4500,5.5,90,0,Android,2023,1343.0
OnePlus,Snapdragon 8 Gen 2,12,64,12,3000,7.0,120,0,Android,2022,993.5
Oppo,Snapdragon 8 Gen 2,16,256,64,4500,6.1,90,1,Android,2022,1460.0
Apple,Snapdragon 8 Gen 2,8,128,64,5000,6.4,120,0,iOS,2019,1413.0
Sony,A17 Bionic,16,512,200,5000,7.0,60,0,Android,2018,1270.0
Oppo,Snapdragon 8 Gen 2,8,64,48,4500,5.5,120,0,Android,2024,1146.5
Realme,Exynos 2200,12,1024,64,5000,6.4,60,1,Android,2019,1154.4
Xiaomi,Snapdragon 8 Gen 2,16,512,48,4500,7.0,144,0,Android,2019,1202.8
Xiaomi,Kirin 9000,4,64,48,3000,7.0,90,0,Android,2020,733.2
Xiaomi,Snapdragon 778G,6,256,64,6000,6.7,144,0,Android,2021,1226.0
OnePlus,Exynos 2200,6,512,12,5000,6.1,90,1,Android,2022,1444.5
OnePlus,Dimensity 9200,8,1024,108,4000,6.1,120,1,Android,2024,1598.5
Vivo,Dimensity 9200,6,256,64,5000,5.5,120,1,Android,2024,1347.0
Sony,Snapdragon 778G,8,1024,108,5000,7.0,90,1,Android,2023,1697.0
Vivo,Exynos 2200,12,256,48,3000,6.7,90,1,Android,2024,1097.5
Xiaomi,Exynos 2200,4,256,200,6000,6.4,90,1,Android,2021,1194.0
Vivo,A17 Bionic,12,512,64,5000,5.5,120,1,Android,2018,1102.4
Vivo,Snapdragon 778G,12,1024,12,4000,6.7,144,0,Android,2020,1049.2
Realme,Snapdragon 778G,16,512,64,6000,6.4,144,1,Android,2018,1242.4
Xiaomi,Snapdragon 778G,16,1024,48,4000,6.1,144,1,Android,2019,1320.8
Realme,Dimensity 9200,6,1024,48,3000,6.7,90,0,Android,2024,1076.5
Vivo,Snapdragon 778G,16,1024,200,3000,7.0,120,1,Android,2024,1519.5
Apple,Exynos 2200,8,64,48,6000,6.4,60,0,iOS,2024,2037.75
Oppo,Snapdragon 8 Gen 2,8,64,64,3000,6.4,90,1,Android,2019,698.0
Vivo,Dimensity 9200,16,128,108,4500,5.5,120,1,Android,2023,1488.0
Sony,Snapdragon 8 Gen 2,4,64,64,5000,6.7,144,0,Android,2020,962.4
Motorola,A17 Bionic,12,1024,48,5000,7.0,60,0,Android,2020,1275.6
Sony,Dimensity 9200,6,256,200,5000,6.4,60,1,Android,2021,1121.2
Samsung,Kirin 9000,8,512,108,3000,6.4,144,1,Android,2024,1270.0
Oppo,A17 Bionic,6,256,200,6000,6.1,120,0,Android,2019,1234.4
Motorola,Exynos 2200,12,128,108,3000,5.5,144,0,Android,2018,768.8
Google,Snapdragon 8 Gen 2,6,512,64,6000,6.4,120,1,Android,2018,1310.4
Xiaomi,Snapdragon 8 Gen 2,8,512,64,4000,6.7,144,1,Android,2024,1416.0
OnePlus,Dimensity 9200,8,1024,200,3000,6.1,120,0,Android,2020,1167.2
OnePlus,Exynos 2200,16,128,12,3000,6.1,120,1,Android,2022,964.5
Vivo,Dimensity 9200,6,64,12,5000,6.1,60,0,Android,2020,910.8
Oppo,Kirin 9000,4,256,108,3000,7.0,60,1,Android,2024,1053.5
Oppo,A17 Bionic,4,64,48,3000,6.7,90,1,Android,2023,921.0
Samsung,Snapdragon 778G,12,256,64,6000,6.4,144,0,Android,2024,1479.0
Xiaomi,Kirin 9000,12,256,108,4500,5.5,120,0,Android,2018,1169.6
Google,Snapdragon 8 Gen 2,16,64,48,4500,6.1,60,0,Android,2024,1201.5
Motorola,Dimensity 9200,16,64,200,6000,7.0,120,0,Android,2023,1618.0
Vivo,Kirin 9000,6,512,12,4000,6.4,144,1,Android,2019,881.2
Sony,Dimensity 9200,8,256,200,5000,6.4,120,0,Android,2019,1151.2
Xiaomi,A17 Bionic,16,256,200,4000,5.5,60,1,Android,2022,1305.5
Google,Snapdragon 778G,8,64,64,5000,6.1,90,1,Android,2024,1175.0
Oppo,Snapdragon 8 Gen 2,6,1024,108,4000,6.7,90,1,Android,2021,1114.8
Vivo,A17 Bionic,16,64,48,4000,6.4,120,0,Android,2018,910.4
Motorola,Exynos 2200,4,256,200,6000,6.7,144,0,Android,2020,1190.0
Oppo,Exynos 2200,12,256,200,6000,6.7,60,1,Android,2024,1721.5
Apple,Kirin 9000,12,128,108,6000,6.1,120,0,iOS,2020,1786.2
Oppo,Kirin 9000,16,128,108,3000,5.5,144,1,Android,2022,1232.0
Samsung,Kirin 9000,6,512,48,4500,6.1,144,1,Android,2020,1174.4
Apple,Snapdragon 778G,12,256,48,5000,5.5,144,1,iOS,2019,1761.0
Motorola,Kirin 9000,8,1024,108,3000,7.0,60,1,Android,2018,892.0
Motorola,Exynos 2200,8,512,12,6000,6.1,90,0,Android,2024,1463.0
OnePlus,Snapdragon 778G,16,512,12,4000,6.4,144,0,Android,2022,1293.0
Realme,Snapdragon 778G,12,64,108,5000,6.4,144,1,Android,2023,1445.5
Apple,Kirin 9000,12,64,200,4500,6.4,90,1,iOS,2019,1853.4
Vivo,Snapdragon 778G,6,128,12,3000,6.7,144,1,Android,2018,843.6
Google,Kirin 9000,12,1024,12,3000,5.5,144,1,Android,2024,1292.5
OnePlus,A17 Bionic,8,128,64,4000,6.1,144,0,Android,2022,1296.5
Realme,Snapdragon 8 Gen 2,4,512,12,5000,6.1,90,0,Android,2021,944.0
Realme,Snapdragon 8 Gen 2,12,128,108,6000,6.7,120,0,Android,2019,1281.6
Motorola,A17 Bionic,16,512,64,4000,6.4,144,0,Android,2020,1122.8
OnePlus,A17 Bionic,12,512,12,4000,6.4,90,0,Android,2018,1040.0
Sony,Dimensity 9200,8,1024,64,5000,6.4,60,0,Android,2022,1378.5
OnePlus,Exynos 2200,6,128,64,4000,5.5,60,0,Android,2023,1049.0
OnePlus,Dimensity 9200,12,512,200,3000,7.0,120,1,Android,2020,950.8
Vivo,Kirin 9000,6,512,108,6000,6.4,120,1,Android,2022,1546.0
Apple,Snapdragon 778G,8,1024,48,4500,6.7,90,1,iOS,2023,2329.5
Sony,Kirin 9000,4,256,108,4000,7.0,120,0,Android,2020,855.2
Oppo,Exynos 2200,8,1024,64,4000,6.4,60,0,Android,2018,1167.2
Vivo,Kirin 9000,4,256,64,4500,6.4,60,1,Android,2018,933.2
OnePlus,Kirin 9000,4,512,12,6000,6.7,60,1,Android,2019,1118.0
Realme,Dimensity 9200,12,128,48,6000,5.5,60,1,Android,2019,1181.6
Realme,Snapdragon 778G,8,512,48,5000,6.1,120,1,Android,2020,1201.2
Google,Snapdragon 8 Gen 2,16,64,200,3000,6.4,90,0,Android,2018,1036.0
Motorola,Snapdragon 8 Gen 2,16,256,108,4500,7.0,120,1,Android,2022,1521.5
OnePlus,Snapdragon 778G,6,512,48,4000,6.7,144,0,Android,2021,873.2
Oppo,Exynos 2200,16,256,48,6000,6.4,144,0,Android,2020,1253.6
Apple,Dimensity 9200,16,512,200,4500,5.5,144,0,iOS,2023,2199.75
Motorola,Exynos 2200,12,512,48,4500,5.5,120,0,Android,2018,1148.0
Motorola,Kirin 9000,12,128,200,5000,7.0,120,0,Android,2023,1584.5
Vivo,Dimensity 9200,4,128,200,6000,6.1,120,1,Android,2023,1608.0
Sony,Snapdragon 8 Gen 2,8,64,12,3000,6.1,90,0,Android,2020,746.8
Google,Snapdragon 8 Gen 2,6,64,48,5000,6.7,90,0,Android,2022,1318.5
Motorola,Kirin 9000,6,256,108,3000,7.0,90,0,Android,2023,1010.5
Oppo,Exynos 2200,4,512,48,4000,6.1,144,1,Android,2024,1320.0
Motorola,Dimensity 9200,12,512,12,4000,7.0,120,0,Android,2024,1101.0
OnePlus,Dimensity 9200,4,128,48,3000,6.1,60,1,Android,2022,1007.5
Vivo,Snapdragon 778G,12,512,48,4500,6.4,120,1,Android,2024,1408.5
Sony,Dimensity 9200,12,1024,64,5000,6.1,60,1,Android,2018,1127.2
Xiaomi,Kirin 9000,4,512,200,5000,6.7,90,0,Android,2022,1369.0
Apple,Exynos 2200,16,512,12,6000,5.5,90,1,iOS,2023,2544.75
Sony,A17 Bionic,8,64,200,4000,5.5,144,0,Android,2021,1085.6
Sony,Kirin 9000,16,256,200,5000,6.4,90,1,Android,2024,1513.5
Xiaomi,A17 Bionic,16,256,108,6000,6.7,60,1,Android,2020,1153.6
Apple,Snapdragon 8 Gen 2,16,128,200,5000,6.1,144,1,iOS,2021,1930.8
Oppo,Kirin 9000,16,64,48,6000,7.0,60,1,Android,2024,1620.0
OnePlus,Snapdragon 778G,8,512,64,5000,5.5,90,0,Android,2022,1379.0
Xiaomi,Dimensity 9200,4,512,12,3000,6.1,120,1,Android,2023,1157.5
Realme,Kirin 9000,12,256,48,4500,6.4,144,1,Android,2023,1384.0
OnePlus,A17 Bionic,4,128,48,4000,6.7,144,0,Android,2022,1256.0
Apple,Snapdragon 8 Gen 2,8,128,12,5000,6.1,120,0,iOS,2024,2055.75
Sony,Snapdragon 8 Gen 2,16,128,64,6000,5.5,90,1,Android,2020,1326.4
Realme,Exynos 2200,6,64,200,4500,6.1,90,0,Android,2023,1322.5
Apple,Snapdragon 8 Gen 2,8,256,12,3000,7.0,90,1,iOS,2019,1112.4
Sony,Snapdragon 778G,4,512,48,4500,5.5,90,1,Android,2024,1371.0
Vivo,Dimensity 9200,12,1024,64,5000,7.0,60,1,Android,2021,1225.6
Sony,A17 Bionic,12,128,200,6000,6.7,90,0,Android,2020,1284.4
Sony,Dimensity 9200,12,256,64,4500,6.1,144,0,Android,2019,1172.8
OnePlus,Exynos 2200,16,512,108,4500,7.0,120,0,Android,2021,1100.8
Apple,Exynos 2200,8,64,48,5000,5.5,144,0,iOS,2023,1774.5
Vivo,Dimensity 9200,4,128,200,4500,6.4,120,1,Android,2020,1096.0
Oppo,Exynos 2200,4,128,108,4500,5.5,144,0,Android,2022,1358.5
Oppo,Exynos 2200,6,512,48,4000,6.1,90,1,Android,2023,1304.0
Apple,Snapdragon 8 Gen 2,4,256,12,4000,6.1,144,0,iOS,2020,1393.2
Motorola,Dimensity 9200,8,128,48,4500,6.4,90,0,Android,2024,1244.0
OnePlus,Exynos 2200,8,64,64,6000,6.4,90,0,Android,2022,1512.0
Google,Snapdragon 778G,6,1024,200,5000,6.7,90,1,Android,2024,1659.5
Xiaomi,Exynos 2200,8,64,48,6000,7.0,60,0,Android,2018,1021.2
Oppo,Dimensity 9200,6,256,48,3000,7.0,144,1,Android,2020,921.6
Motorola,Exynos 2200,8,256,12,5000,6.4,144,1,Android,2021,961.6
Oppo,Snapdragon 778G,16,1024,12,4500,5.5,144,1,Android,2022,1616.0
Motorola,Kirin 9000,16,1024,48,5000,6.1,90,0,Android,2022,1672.5
Apple,Exynos 2200,6,64,200,3000,7.0,144,1,iOS,2020,1336.8
Apple,Dimensity 9200,4,256,48,5000,6.7,90,0,iOS,2018,1554.0
Realme,Snapdragon 8 Gen 2,8,256,200,4500,5.5,144,0,Android,2023,1294.5
Samsung,Kirin 9000,12,256,64,4000,6.4,144,1,Android,2019,944.4
Sony,Dimensity 9200,6,64,108,4000,5.5,60,0,Android,2021,928.8
Realme,Snapdragon 778G,6,512,64,4000,7.0,120,1,Android,2020,1073.6
Google,A17 Bionic,16,1024,108,4500,6.4,60,0,Android,2018,1130.8
OnePlus,Snapdragon 778G,4,128,12,3000,6.7,90,1,Android,2023,1020.0
Realme,Exynos 2200,12,1024,12,4000,6.1,90,1,Android,2020,1027.6
Motorola,Dimensity 9200,8,512,200,4500,6.4,60,1,Android,2021,1045.6
Apple,Kirin 9000,4,1024,64,4500,6.7,60,0,iOS,2019,1671.0
Realme,Snapdragon 778G,6,256,64,5000,6.7,120,1,Android,2018,1001.2
Google,Dimensity 9200,4,1024,108,6000,6.4,144,1,Android,2021,1333.2
Oppo,Dimensity 9200,4,1024,108,5000,5.5,90,0,Android,2024,1426.0
Realme,Kirin 9000,4,64,108,6000,6.1,90,0,Android,2018,1141.2
Sony,A17 Bionic,6,1024,200,5000,6.4,90,1,Android,2021,1370.4
Xiaomi,Exynos 2200,12,64,48,4000,5.5,144,0,Android,2020,878.8
OnePlus,Exynos 2200,6,128,48,3000,6.7,144,1,Android,2022,1145.5
Vivo,Kirin 9000,4,64,200,4500,6.4,90,0,Android,2019,1031.2
Apple,Dimensity 9200,4,1024,48,6000,6.7,60,1,iOS,2021,1915.2
Xiaomi,Snapdragon 8 Gen 2,16,64,64,3000,6.1,120,1,Android,2023,1181.5
OnePlus,Dimensity 9200,16,1024,108,4500,6.4,120,1,Android,2022,1563.0
OnePlus,Snapdragon 778G,8,64,64,3000,7.0,120,0,Android,2023,1070.0
OnePlus,Dimensity 9200,8,64,48,5000,7.0,144,1,Android,2019,1010.4
Motorola,Snapdragon 778G,8,256,12,3000,6.4,60,0,Android,2020,845.2
Xiaomi,Snapdragon 8 Gen 2,16,64,64,3000,6.7,90,1,Android,2020,928.0
OnePlus,Snapdragon 778G,16,64,48,4000,6.7,144,1,Android,2021,1084.4
Sony,Dimensity 9200,12,128,64,5000,6.1,120,1,Android,2024,1506.0
Google,Snapdragon 778G,16,256,200,6000,6.4,120,0,Android,2021,1235.2
Google,A17 Bionic,6,64,108,5000,6.7,120,1,Android,2023,1339.0
Motorola,A17 Bionic,16,512,200,5000,6.7,144,0,Android,2021,1399.6
Sony,Kirin 9000,12,256,12,6000,6.1,120,1,Android,2021,1216.4
Motorola,Snapdragon 778G,4,64,48,4000,7.0,120,0,Android,2022,994.0
Sony,Snapdragon 778G,8,64,108,4000,7.0,120,0,Android,2020,1018.4
Samsung,Snapdragon 8 Gen 2,16,1024,108,4500,7.0,120,1,Android,2021,1219.6
OnePlus,Exynos 2200,6,128,12,4000,5.5,120,0,Android,2018,740.4
Motorola,Snapdragon 8 Gen 2,8,512,12,5000,5.5,120,1,Android,2024,1373.5
Google,Dimensity 9200,16,1024,200,5000,6.7,120,1,Android,2022,1910.5
Apple,Snapdragon 8 Gen 2,8,1024,200,4000,5.5,60,0,iOS,2020,1608.6
Oppo,A17 Bionic,12,64,108,4500,6.4,90,1,Android,2018,973.2
Vivo,Kirin 9000,12,256,64,3000,6.4,60,0,Android,2023,957.0
Vivo,A17 Bionic,16,512,12,6000,6.1,120,1,Android,2019,1181.6
Samsung,Exynos 2200,16,512,64,4000,7.0,60,1,Android,2019,944.4
Oppo,Kirin 9000,12,512,108,4500,5.5,120,1,Android,2022,1430.0
Google,Snapdragon 778G,8,512,12,4000,7.0,120,1,Android,2022,1322.5
Xiaomi,Snapdragon 778G,4,256,48,5000,6.1,120,1,Android,2018,1104.4
Apple,A17 Bionic,4,256,108,5000,6.4,144,0,iOS,2020,1515.6
Sony,Exynos 2200,6,64,12,5000,7.0,144,0,Android,2019,897.6
Realme,A17 Bionic,16,512,200,6000,6.1,120,1,Android,2023,1868.0
Samsung,Snapdragon 8 Gen 2,12,512,12,3000,6.4,90,0,Android,2019,772.8
Sony,Exynos 2200,12,1024,64,5000,6.4,144,0,Android,2019,1178.4
Google,Snapdragon 8 Gen 2,8,64,12,5000,5.5,120,0,Android,2018,1048.0
Motorola,Kirin 9000,16,1024,108,6000,6.1,60,0,Android,2019,1327.2
Vivo,Kirin 9000,8,1024,48,4000,6.4,120,0,Android,2021,964.8
Samsung,Snapdragon 8 Gen 2,16,256,64,3000,5.5,90,1,Android,2018,908.0
Motorola,Snapdragon 778G,12,512,200,6000,6.1,60,1,Android,2022,1695.0
Sony,Kirin 9000,16,1024,48,4000,6.4,60,0,Android,2022,1257.5
Xiaomi,Snapdragon 8 Gen 2,16,1024,108,4500,6.7,90,1,Android,2019,1293.2
Xiaomi,A17 Bionic,4,128,48,3000,6.7,120,0,Android,2021,817.6
Samsung,Snapdragon 778G,6,64,64,6000,5.5,144,1,Android,2020,1122.8
Sony,Exynos 2200,4,128,12,5000,6.7,144,0,Android,2018,1040.0
Sony,Kirin 9000,12,1024,108,4000,6.4,60,0,Android,2019,1167.6
Xiaomi,Snapdragon 778G,8,512,64,4000,6.4,60,1,Android,2023,1119.0
Samsung,Snapdragon 778G,4,64,200,3000,5.5,60,1,Android,2020,870.0
Oppo,Dimensity 9200,12,64,48,4000,6.7,120,0,Android,2018,966.4
Xiaomi,Dimensity 9200,16,128,48,4500,5.5,144,1,Android,2024,1344.0
Samsung,Dimensity 9200,6,64,48,4500,6.4,120,0,Android,2023,1119.0
Google,Dimensity 9200,16,1024,108,6000,5.5,120,1,Android,2020,1550.4
Google,Snapdragon 8 Gen 2,8,512,12,5000,7.0,144,0,Android,2018,1160.0
OnePlus,Kirin 9000,8,512,48,5000,6.4,60,0,Android,2022,1412.0
Realme,Kirin 9000,12,256,200,3000,6.4,144,0,Android,2023,1157.0
OnePlus,A17 Bionic,6,256,200,4000,6.1,60,1,Android,2023,1332.5
Samsung,A17 Bionic,8,128,12,3000,6.4,120,1,Android,2020,846.4
Xiaomi,Snapdragon 778G,12,256,64,3000,7.0,144,1,Android,2021,826.8
OnePlus,Snapdragon 778G,8,128,108,4500,7.0,120,0,Android,2023,1338.0
Xiaomi,Exynos 2200,4,128,108,3000,5.5,144,1,Android,2021,920.0
Realme,Snapdragon 8 Gen 2,16,128,64,4500,6.4,120,0,Android,2021,957.2
OnePlus,Exynos 2200,4,128,48,4000,5.5,120,0,Android,2022,1182.5
Samsung,Exynos 2200,4,1024,64,3000,6.1,60,1,Android,2023,1281.5
Apple,Exynos 2200,4,128,12,4500,6.1,144,0,iOS,2019,1249.2
Vivo,Snapdragon 778G,12,128,12,6000,5.5,60,0,Android,2021,1085.6
Samsung,Dimensity 9200,4,512,200,5000,6.4,90,0,Android,2022,1322.5
OnePlus,Kirin 9000,8,256,108,3000,6.4,90,1,Android,2022,1241.0
Oppo,Dimensity 9200,16,512,108,4500,5.5,90,0,Android,2019,1055.6
Google,Kirin 9000,8,128,64,4500,7.0,144,0,Android,2018,910.0
Oppo,Snapdragon 8 Gen 2,8,128,48,5000,7.0,120,1,Android,2020,1170.4
Apple,Snapdragon 778G,16,64,48,5000,6.7,144,0,iOS,2020,1819.2
Sony,Exynos 2200,4,256,12,4500,6.1,144,1,Android,2020,940.8
Oppo,Kirin 9000,12,128,48,6000,5.5,144,0,Android,2022,1365.0
Realme,Snapdragon 778G,16,1024,48,3000,5.5,90,0,Android,2018,944.4
Google,Snapdragon 8 Gen 2,12,64,108,6000,7.0,60,1,Android,2021,1091.2
Motorola,Exynos 2200,6,1024,108,5000,6.4,90,0,Android,2021,1280.0
Oppo,Kirin 9000,6,64,108,5000,6.7,144,0,Android,2019,1017.2
Apple,Dimensity 9200,6,512,48,6000,7.0,60,1,iOS,2021,1778.4
Motorola,Exynos 2200,16,512,200,6000,6.4,144,0,Android,2022,1696.0
OnePlus,Dimensity 9200,16,512,200,4500,5.5,144,1,Android,2021,1355.2
Google,Kirin 9000,12,64,12,4000,7.0,90,0,Android,2024,938.5
Realme,Kirin 9000,4,256,200,4000,5.5,90,0,Android,2018,885.2
Xiaomi,Snapdragon 778G,6,64,48,5000,6.7,120,1,Android,2023,1201.0
Samsung,Dimensity 9200,16,512,108,4500,6.7,60,0,Android,2018,1062.4
Realme,Snapdragon 8 Gen 2,16,1024,64,4500,6.4,144,1,Android,2018,1168.8
Vivo,Snapdragon 778G,12,256,48,5000,5.5,144,0,Android,2018,1030.0
Samsung,Snapdragon 8 Gen 2,16,256,12,4000,6.1,144,1,Android,2021,1047.6
Apple,Kirin 9000,16,128,12,5000,5.5,60,0,iOS,2021,1503.0
Oppo,Dimensity 9200,16,512,108,3000,7.0,120,1,Android,2022,1204.0
Samsung,Snapdragon 778G,8,512,64,4500,6.4,90,0,Android,2024,1338.5
Google,A17 Bionic,12,128,48,4000,6.1,120,0,Android,2024,1124.5
Oppo,A17 Bionic,8,256,108,6000,7.0,90,1,Android,2019,1276.0
Oppo,Dimensity 9200,8,256,64,4500,6.4,144,1,Android,2023,1236.0
Vivo,Dimensity 9200,8,128,64,5000,6.1,90,1,Android,2018,1081.6
Realme,Snapdragon 8 Gen 2,12,1024,64,4000,6.1,120,1,Android,2019,1278.0
OnePlus,Snapdragon 778G,16,1024,64,4500,6.7,60,0,Android,2023,1380.5
Sony,Snapdragon 778G,4,256,108,3000,6.7,144,1,Android,2023,973.0
Google,Exynos 2200,8,64,200,4000,7.0,144,1,Android,2022,1416.5
Motorola,Snapdragon 8 Gen 2,12,128,108,4000,6.1,90,0,Android,2020,910.4
Vivo,Snapdragon 8 Gen 2,6,512,200,3000,6.1,60,0,Android,2022,1130.0
Xiaomi,Kirin 9000,4,64,108,6000,5.5,144,1,Android,2024,1383.0
Samsung,Exynos 2200,12,256,12,3000,6.7,90,0,Android,2019,704.4
Google,Snapdragon 778G,16,64,108,4000,6.7,60,1,Android,2018,1001.2
Apple,Kirin 9000,4,1024,200,3000,5.5,120,1,iOS,2023,2109.75
Samsung,Exynos 2200,6,64,108,3000,5.5,144,0,Android,2022,975.5
Sony,Dimensity 9200,16,1024,12,5000,6.7,120,1,Android,2019,1220.8
Xiaomi,Exynos 2200,8,1024,108,4500,6.1,120,1,Android,2020,1306.4
OnePlus,Dimensity 9200,4,1024,200,4500,6.4,60,0,Android,2022,1459.0
Vivo,Exynos 2200,12,256,48,3000,5.5,90,1,Android,2018,868.8
Xiaomi,Snapdragon 8 Gen 2,6,512,48,3000,6.1,60,1,Android,2024,988.0
Apple,Kirin 9000,12,128,200,5000,6.1,144,1,iOS,2022,2287.5
Realme,Snapdragon 778G,12,256,200,4500,5.5,60,1,Android,2023,1283.5
Oppo,Exynos 2200,6,64,108,3000,6.1,60,1,Android,2024,854.5
Sony,A17 Bionic,8,256,48,3000,6.7,144,1,Android,2023,956.5
OnePlus,Snapdragon 8 Gen 2,8,64,108,4000,6.7,120,0,Android,2024,1030.5
OnePlus,Kirin 9000,8,64,12,3000,7.0,90,1,Android,2019,818.4
Sony,Exynos 2200,8,512,108,4500,6.1,60,0,Android,2018,1148.0
OnePlus,Kirin 9000,16,512,108,6000,7.0,120,1,Android,2022,1865.0
Oppo,Snapdragon 8 Gen 2,16,512,48,3000,6.1,60,0,Android,2024,1011.0
Motorola,Kirin 9000,12,128,48,4000,6.1,90,1,Android,2024,1116.0
Apple,Snapdragon 8 Gen 2,8,1024,48,3000,6.4,90,1,iOS,2018,1395.0
Oppo,Dimensity 9200,12,1024,12,6000,5.5,90,1,Android,2021,1262.0
Motorola,A17 Bionic,6,1024,12,3000,6.4,90,0,Android,2020,982.8
OnePlus,Exynos 2200,4,512,108,5000,6.4,90,0,Android,2021,1006.0
Apple,Dimensity 9200,12,64,12,4000,5.5,60,1,iOS,2018,1327.2
Vivo,A17 Bionic,6,128,108,4000,5.5,120,0,Android,2019,865.2
Oppo,Kirin 9000,6,128,200,4000,6.1,120,0,Android,2024,1155.5
Apple,A17 Bionic,6,128,108,5000,6.4,90,0,iOS,2021,1554.6
Oppo,Snapdragon 8 Gen 2,12,256,200,6000,6.1,144,0,Android,2022,1701.0
Google,Exynos 2200,4,256,12,3000,5.5,120,1,Android,2020,719.2
Motorola,Snapdragon 778G,8,64,12,6000,5.5,60,0,Android,2024,1405.0
Oppo,Kirin 9000,12,256,200,4000,5.5,60,1,Android,2022,1316.0
Samsung,A17 Bionic,4,256,12,4000,6.4,60,0,Android,2024,929.0
Samsung,Dimensity 9200,16,512,200,4500,6.4,144,0,Android,2021,1337.2
Samsung,Snapdragon 8 Gen 2,6,64,200,4000,7.0,60,1,Android,2024,1150.5
Oppo,Snapdragon 8 Gen 2,8,64,48,4000,6.4,90,0,Android,2024,977.5
Apple,Snapdragon 778G,6,128,64,3000,6.4,120,1,iOS,2019,1122.0
Samsung,Exynos 2200,8,512,200,4000,6.1,144,0,Android,2018,1191.2
Oppo,Snapdragon 8 Gen 2,16,256,48,4500,7.0,144,1,Android,2019,1174.0
Motorola,Snapdragon 8 Gen 2,16,64,200,5000,6.1,60,0,Android,2024,1520.0
Sony,Snapdragon 8 Gen 2,8,256,12,5000,7.0,120,0,Android,2020,1045.2
Vivo,Kirin 9000,4,1024,64,4500,6.4,120,1,Android,2023,1441.5
OnePlus,Snapdragon 778G,12,512,12,6000,6.7,90,0,Android,2022,1555.5
OnePlus,Snapdragon 8 Gen 2,16,1024,200,3000,6.7,90,0,Android,2019,1177.6
Apple,Kirin 9000,6,64,12,6000,7.0,60,0,iOS,2024,1731.0
Google,A17 Bionic,8,512,200,6000,6.4,60,1,Android,2018,1290.4
Realme,Exynos 2200,8,256,12,4000,7.0,144,1,Android,2022,1116.0
Google,Exynos 2200,16,512,48,4500,6.7,120,0,Android,2022,1261.5
Apple,Snapdragon 8 Gen 2,4,64,64,6000,6.7,60,1,iOS,2020,1606.8
Samsung,Exynos 2200,6,1024,48,5000,6.4,60,1,Android,2019,1284.8
Motorola,Kirin 9000,6,64,200,6000,6.4,144,1,Android,2020,1268.0
Apple,Kirin 9000,12,64,64,4500,6.7,90,1,iOS,2024,1871.25
Oppo,A17 Bionic,4,128,200,6000,6.7,144,1,Android,2018,1218.0
Samsung,Dimensity 9200,16,1024,200,4500,6.4,90,0,Android,2019,1218.0
Apple,Exynos 2200,8,1024,12,3000,6.7,120,0,iOS,2024,1733.25
Oppo,A17 Bionic,16,512,108,5000,7.0,120,1,Android,2020,1222.0
Apple,Snapdragon 778G,8,64,200,4000,6.4,90,1,iOS,2024,1889.25
Apple,Snapdragon 8 Gen 2,4,128,64,3000,7.0,120,1,iOS,2021,1105.2
Samsung,A17 Bionic,12,128,64,6000,6.7,144,1,Android,2023,1509.5
Realme,Snapdragon 778G,8,256,12,6000,7.0,120,0,Android,2020,1234.0
Xiaomi,Snapdragon 778G,8,256,12,4000,7.0,90,0,Android,2021,994.4
Vivo,Dimensity 9200,16,512,48,6000,6.7,90,1,Android,2021,1393.6
Sony,Exynos 2200,8,64,48,3000,6.1,144,0,Android,2021,730.4
OnePlus,Snapdragon 8 Gen 2,16,64,200,3000,6.1,120,0,Android,2019,1028.8
Sony,A17 Bionic,8,1024,108,6000,7.0,144,0,Android,2020,1334.0
Sony,Snapdragon 778G,4,1024,12,4000,5.5,120,1,Android,2019,1142.4
Xiaomi,A17 Bionic,16,1024,200,3000,6.7,144,1,Android,2018,1159.6
Sony,Snapdragon 8 Gen 2,8,512,108,4000,6.1,60,1,Android,2018,960.0
Samsung,Kirin 9000,12,64,48,4000,6.7,120,1,Android,2024,1098.5
Samsung,Snapdragon 8 Gen 2,4,512,200,4500,6.1,60,1,Android,2018,1238.8
Sony,Exynos 2200,16,128,12,4500,6.4,60,1,Android,2019,1009.2
Motorola,Snapdragon 8 Gen 2,12,256,64,6000,6.7,144,0,Android,2022,1443.0
OnePlus,Snapdragon 8 Gen 2,16,256,12,4500,6.7,60,0,Android,2021,920.8
Vivo,Dimensity 9200,4,256,48,5000,7.0,120,1,Android,2020,1135.6
Oppo,Kirin 9000,6,256,12,5000,6.7,120,1,Android,2023,1313.5
Samsung,Snapdragon 8 Gen 2,16,64,64,6000,5.5,120,0,Android,2022,1551.0
Apple,Kirin 9000,16,1024,64,5000,6.4,144,0,iOS,2024,2551.5
OnePlus,Dimensity 9200,12,1024,64,5000,7.0,120,1,Android,2019,1169.6
Google,Snapdragon 8 Gen 2,6,128,200,3000,6.1,90,0,Android,2018,932.4
Vivo,Snapdragon 778G,16,512,48,5000,7.0,60,0,Android,2019,1169.6
Samsung,Exynos 2200,16,512,108,3000,6.1,60,1,Android,2018,1008.8
OnePlus,Dimensity 9200,12,128,48,3000,6.1,60,0,Android,2022,990.5
OnePlus,Snapdragon 8 Gen 2,6,64,12,3000,6.4,90,0,Android,2020,771.6
Realme,Exynos 2200,6,512,12,6000,6.7,90,0,Android,2022,1436.0
Vivo,Snapdragon 8 Gen 2,8,128,64,4500,7.0,90,1,Android,2023,1155.0
OnePlus,Exynos 2200,12,64,48,5000,7.0,60,0,Android,2020,955.6
OnePlus,Snapdragon 778G,12,64,48,4000,7.0,60,1,Android,2018,940.0
Samsung,A17 Bionic,16,512,12,6000,7.0,60,0,Android,2018,1251.6
Apple,Snapdragon 778G,12,256,12,3000,5.5,90,0,iOS,2018,1160.4
Vivo,Kirin 9000,12,128,108,3000,5.5,144,0,Android,2022,1163.5
Samsung,A17 Bionic,8,128,108,4000,7.0,120,0,Android,2021,934.0
